symbol,entry_time,exit_time,side,pnl_usd,result,setup,rvol,adx
IP/USDT,2026-01-16 19:00:00,2026-01-16 19:45:00,SHORT,2.046385092352367,TIME EXIT,SNIPER_SHORT,2.479273534682609,31.29921932423816
CLO/USDT,2026-01-16 17:30:00,2026-01-16 23:30:00,LONG,33.154886412450246,TRAILING STOP,SNIPER_LONG,3.1345325944091,40.49712267204206
CLO/USDT,2026-01-16 23:30:00,2026-01-16 23:45:00,SHORT,-14.775278179216707,STOP LOSS,SNIPER_SHORT,4.226538262771457,56.714872835330354
CLO/USDT,2026-01-17 00:15:00,2026-01-17 01:00:00,SHORT,8.117657593262066,TIME EXIT,SNIPER_SHORT,2.1306436101332986,62.294322321951114
AXS/USDT,2026-01-17 01:30:00,2026-01-17 02:15:00,SHORT,10.454545003178307,TIME EXIT,SNIPER_SHORT,1.4700137833965463,44.87116121457693
AXS/USDT,2026-01-17 07:00:00,2026-01-17 07:45:00,SHORT,-2.10965088720815,TIME EXIT,SNIPER_SHORT,1.2899626057711284,48.381748218426786
NAORIS/USDT,2026-01-16 17:45:00,2026-01-17 08:30:00,LONG,-15.155660694710239,STOP LOSS,SNIPER_LONG,7.027922728529783,48.538726039513236
BTR/USDT,2026-01-16 23:45:00,2026-01-17 09:45:00,LONG,32.86342743465345,TRAILING STOP,SNIPER_LONG,2.8499962793023683,22.346298449891187
GALA/USDT,2026-01-17 09:15:00,2026-01-17 10:00:00,SHORT,1.7171143082208462,TIME EXIT,SNIPER_SHORT,2.0248744792095876,61.72482087631635
AXS/USDT,2026-01-17 09:30:00,2026-01-17 10:15:00,SHORT,-3.653187495431356,TIME EXIT,SNIPER_SHORT,1.7448485111228385,58.55626682467506
BTR/USDT,2026-01-17 10:15:00,2026-01-17 11:00:00,SHORT,-2.01297212321368,TIME EXIT,SNIPER_SHORT,0.989519195497862,32.88180376859698
PUMPFUN/USDT,2026-01-17 09:45:00,2026-01-17 13:00:00,LONG,-11.917783923484553,STOP LOSS,SNIPER_LONG,3.7351939210030816,23.13500078599756
AXS/USDT,2026-01-17 13:00:00,2026-01-17 15:15:00,LONG,27.96229741013968,TRAILING STOP,SNIPER_LONG,2.7155306702185733,71.76479470454035
GALA/USDT,2026-01-17 15:15:00,2026-01-17 16:00:00,SHORT,1.2192232976242605,TIME EXIT,SNIPER_SHORT,2.8103421317290675,62.47914524385029
AXS/USDT,2026-01-17 15:15:00,2026-01-17 19:45:00,LONG,-16.463565738197712,STOP LOSS,SNIPER_LONG,2.18747373302291,79.57884709305449
APEX/USDT,2026-01-17 20:00:00,2026-01-17 20:30:00,LONG,-8.262034252482755,STOP LOSS,SNIPER_LONG,8.974713190721907,28.83692060670156
AAVE/USDT,2026-01-17 08:30:00,2026-01-18 01:00:00,LONG,-4.912959498101035,STOP LOSS,SNIPER_LONG,12.603251872543032,15.72311707500473
ME/USDT,2026-01-18 02:45:00,2026-01-18 03:00:00,SHORT,-9.301593235215277,STOP LOSS,SNIPER_SHORT,1.7640501897370253,37.021515742084915
BERA/USDT,2026-01-18 01:15:00,2026-01-18 03:30:00,LONG,27.348441608524475,TRAILING STOP,SNIPER_LONG,3.988552347845166,22.260654432994315
NAORIS/USDT,2026-01-17 20:45:00,2026-01-18 04:15:00,LONG,-12.669973481800477,STOP LOSS,SNIPER_LONG,2.7569473057730165,12.381882526828353
BERA/USDT,2026-01-18 03:30:00,2026-01-18 04:15:00,SHORT,5.026693526563076,TIME EXIT,SNIPER_SHORT,0.765451615796154,38.74095421826121
RIVER/USDT,2026-01-18 06:00:00,2026-01-18 06:45:00,SHORT,-11.654977503253596,TIME EXIT,SNIPER_SHORT,1.139054762550102,27.101367512346314
RIVER/USDT,2026-01-18 07:15:00,2026-01-18 07:30:00,SHORT,2.324211508433298,BREAKEVEN,SNIPER_SHORT,0.9004634491753718,37.69743603817194
ARC/USDT,2026-01-18 05:30:00,2026-01-18 11:00:00,LONG,22.109335867864313,TRAILING STOP,SNIPER_LONG,2.641587232230542,27.75406633583963
VVV/USDT,2026-01-18 11:00:00,2026-01-18 11:45:00,SHORT,10.670718399405676,TIME EXIT,SNIPER_SHORT,1.9543330322193413,47.99697239033148
COW/USDT,2026-01-18 05:00:00,2026-01-18 12:00:00,LONG,-11.862592908197026,STOP LOSS,SNIPER_LONG,6.4129594496435915,16.221292591714075
ARC/USDT,2026-01-18 11:00:00,2026-01-18 12:00:00,LONG,-16.54317168838256,STOP LOSS,SNIPER_LONG,3.373318264484975,38.443183351440354
ME/USDT,2026-01-18 11:30:00,2026-01-18 12:15:00,SHORT,3.009845213493838,BREAKEVEN,SNIPER_SHORT,4.279509102067159,53.14189831214868
WLFI/USDT,2026-01-18 12:00:00,2026-01-18 12:00:00,LONG,-5.039551950941493,STOP LOSS,SNIPER_LONG,26.128073296132946,17.89599325908718
ME/USDT,2026-01-18 12:30:00,2026-01-18 13:15:00,SHORT,1.5475899123037336,TIME EXIT,SNIPER_SHORT,1.648045109098163,58.80741103680285
1000PEPE/USDT,2026-01-16 17:45:00,2026-01-18 14:00:00,LONG,-10.305595353596122,STOP LOSS,SNIPER_LONG,3.8578014803494325,30.34492649552279
COAI/USDT,2026-01-18 12:00:00,2026-01-18 14:30:00,LONG,-7.607543557905707,STOP LOSS,SNIPER_LONG,2.740787150424332,28.892362271399215
ENS/USDT,2026-01-18 14:30:00,2026-01-18 14:45:00,LONG,-5.267407019485385,STOP LOSS,SNIPER_LONG,4.9923530594777645,14.111468853745514
ICP/USDT,2026-01-18 17:00:00,2026-01-18 17:45:00,SHORT,8.048191503197177,TIME EXIT,SNIPER_SHORT,4.621084774741965,29.761021415375637
MUBARAK/USDT,2026-01-16 17:30:00,2026-01-18 22:00:00,LONG,22.164743486731513,TRAILING STOP,SNIPER_LONG,2.1826650301977923,30.63948189732765
IP/USDT,2026-01-18 21:45:00,2026-01-18 21:45:00,SHORT,-8.75100930855565,STOP LOSS,SNIPER_SHORT,2.0575043432528575,23.71612405331256
AXS/USDT,2026-01-18 22:00:00,2026-01-18 22:45:00,SHORT,8.408111277311686,TIME EXIT,SNIPER_SHORT,3.47685089030608,25.18359460089682
KITE/USDT,2026-01-18 12:15:00,2026-01-18 23:00:00,LONG,-7.7894688787794655,STOP LOSS,SNIPER_LONG,2.9978577695890887,22.546380311875794
APT/USDT,2026-01-18 22:15:00,2026-01-18 23:00:00,LONG,-6.139369695275815,STOP LOSS,SNIPER_LONG,2.2002854780792123,16.405805120150966
IP/USDT,2026-01-18 22:15:00,2026-01-18 23:00:00,SHORT,9.831338103161851,TIME EXIT,SNIPER_SHORT,2.643510866668599,29.72646652298155
PAXG/USDT,2026-01-18 23:15:00,2026-01-18 23:30:00,LONG,1.8693661400873693,TRAILING STOP,SNIPER_LONG,27.889711885725212,46.07656856903318
MYX/USDT,2026-01-18 14:15:00,2026-01-19 00:00:00,LONG,-10.814267858663097,STOP LOSS,SNIPER_LONG,3.554795648661579,30.64342168827668
XAUT/USDT,2026-01-18 23:15:00,2026-01-18 23:45:00,LONG,1.7972275234516066,TRAILING STOP,SNIPER_LONG,28.248303565477798,36.798431985134926
PAXG/USDT,2026-01-18 23:30:00,2026-01-19 00:15:00,LONG,-2.552374458503876,STOP LOSS,SNIPER_LONG,11.574953557123196,48.36285913803193
RIVER/USDT,2026-01-18 14:45:00,2026-01-19 06:15:00,LONG,-15.636723853004092,STOP LOSS,SNIPER_LONG,2.362965178360304,38.81493713787739
BTR/USDT,2026-01-19 00:15:00,2026-01-19 03:15:00,LONG,-20.944644385882548,STOP LOSS,SNIPER_LONG,16.866302547465537,13.571834315772966
DASH/USDT,2026-01-19 07:30:00,2026-01-19 09:15:00,LONG,-17.22523673998362,STOP LOSS,SNIPER_LONG,3.7803276507210657,21.13348948411149
COAI/USDT,2026-01-19 09:00:00,2026-01-19 09:45:00,SHORT,-9.043335041909495,TIME EXIT,SNIPER_SHORT,3.116946982302691,25.591017983643845
ICP/USDT,2026-01-19 09:00:00,2026-01-19 09:45:00,SHORT,1.8547095404516132,TIME EXIT,SNIPER_SHORT,2.8822949956621553,40.28333288969045
ARC/USDT,2026-01-19 09:30:00,2026-01-19 10:00:00,SHORT,4.263610397534282,BREAKEVEN,SNIPER_SHORT,5.437899799379522,34.89156984753855
H/USDT,2026-01-19 10:00:00,2026-01-19 12:15:00,LONG,-16.9618458082736,STOP LOSS,SNIPER_LONG,2.1292892599782096,15.612069865206738
AXS/USDT,2026-01-19 00:30:00,2026-01-19 13:15:00,LONG,-18.514957863052906,STOP LOSS,SNIPER_LONG,3.262504493216406,27.13524591404416
ARC/USDT,2026-01-19 12:00:00,2026-01-19 12:45:00,SHORT,4.1080991125710815,TIME EXIT,SNIPER_SHORT,0.76892170179889,29.228764834485272
1000TOSHI/USDT,2026-01-19 12:15:00,2026-01-19 13:00:00,SHORT,15.939654280880465,TIME EXIT,SNIPER_SHORT,3.2461663821057263,48.815665407744085
BTR/USDT,2026-01-19 13:45:00,2026-01-19 14:00:00,LONG,-17.249738862798388,STOP LOSS,SNIPER_LONG,2.320720880167015,33.115406084044494
XMR/USDT,2026-01-19 07:15:00,2026-01-19 15:45:00,LONG,-19.03712501137679,STOP LOSS,SNIPER_LONG,2.378732860839378,15.13735232909974
PIPPIN/USDT,2026-01-19 17:15:00,2026-01-19 17:15:00,LONG,-10.346341838278494,STOP LOSS,SNIPER_LONG,3.7869876292716738,25.208444767748098
PIPPIN/USDT,2026-01-19 18:15:00,2026-01-19 19:00:00,SHORT,12.826439808625544,TIME EXIT,SNIPER_SHORT,1.6279731982077548,27.567197243429945
BTR/USDT,2026-01-19 17:30:00,2026-01-19 20:00:00,LONG,25.811656395013088,TRAILING STOP,SNIPER_LONG,3.908925646528814,22.789260963807425
BTR/USDT,2026-01-19 22:15:00,2026-01-19 23:00:00,SHORT,5.169475378766546,TIME EXIT,SNIPER_SHORT,0.5153794736660253,22.043893680809063
ME/USDT,2026-01-19 00:30:00,2026-01-20 00:00:00,LONG,-17.775570139208188,STOP LOSS,SNIPER_LONG,2.4558556104818625,19.081007610063548
AXS/USDT,2026-01-20 00:45:00,2026-01-20 04:00:00,LONG,29.556483718974285,TRAILING STOP,SNIPER_LONG,2.7329583777947355,23.295348005651817
PENDLE/USDT,2026-01-20 03:15:00,2026-01-20 04:00:00,SHORT,-1.6081011817631508,TIME EXIT,SNIPER_SHORT,2.3018742947229915,33.53205273887002
KITE/USDT,2026-01-19 14:15:00,2026-01-20 04:30:00,LONG,-11.013259867148781,STOP LOSS,SNIPER_LONG,3.8063167496221326,15.354433070833279
AXS/USDT,2026-01-20 04:00:00,2026-01-20 04:30:00,SHORT,-16.405712125620024,STOP LOSS,SNIPER_SHORT,0.932257342395923,49.1565895503023
AXS/USDT,2026-01-20 05:15:00,2026-01-20 06:00:00,SHORT,4.4802728819307704,BREAKEVEN,SNIPER_SHORT,1.2334043521977733,51.97507268836929
MUBARAK/USDT,2026-01-20 06:30:00,2026-01-20 08:30:00,LONG,-10.911244430844329,STOP LOSS,SNIPER_LONG,2.6246849996944364,23.99812283496669
ARC/USDT,2026-01-19 20:00:00,2026-01-20 13:30:00,LONG,43.2199456933872,TRAILING STOP,SNIPER_LONG,2.725074106456128,12.533990406252922
AXS/USDT,2026-01-20 13:00:00,2026-01-20 13:45:00,SHORT,7.8891032732711945,TIME EXIT,SNIPER_SHORT,1.2123879838543887,29.226256495520076
ARC/USDT,2026-01-20 13:30:00,2026-01-20 14:15:00,SHORT,-15.825196396336105,STOP LOSS,SNIPER_SHORT,2.665963196324452,53.68779755945313
CLO/USDT,2026-01-20 09:45:00,2026-01-20 15:30:00,LONG,24.206909295707497,TRAILING STOP,SNIPER_LONG,8.217364721613752,27.96000833944528
ARC/USDT,2026-01-20 15:15:00,2026-01-20 15:45:00,SHORT,-14.92292248208106,STOP LOSS,SNIPER_SHORT,2.3937973991470933,64.42911294326838
BERA/USDT,2026-01-19 14:15:00,2026-01-20 16:30:00,LONG,-16.96246989337282,STOP LOSS,SNIPER_LONG,3.3802715384114266,17.056213800524027
CLO/USDT,2026-01-20 16:00:00,2026-01-20 16:15:00,SHORT,6.4788498003920125,TRAILING STOP,SNIPER_SHORT,1.7801450033076545,52.48338568289146
WLFI/USDT,2026-01-20 14:45:00,2026-01-20 18:45:00,LONG,-10.760895317704883,STOP LOSS,SNIPER_LONG,16.79585428565854,38.496132889163846
CLO/USDT,2026-01-20 16:30:00,2026-01-20 19:00:00,LONG,-17.478314050719508,STOP LOSS,SNIPER_LONG,3.351904420850316,47.73453365395535
NAORIS/USDT,2026-01-20 18:45:00,2026-01-20 19:45:00,LONG,42.8651887690475,TRAILING STOP,SNIPER_LONG,5.928687757718563,25.315980543802294
NAORIS/USDT,2026-01-20 19:45:00,2026-01-20 20:45:00,LONG,29.17244754293488,TRAILING STOP,SNIPER_LONG,8.514643945865128,39.85096642768328
NAORIS/USDT,2026-01-20 20:45:00,2026-01-20 21:30:00,SHORT,11.567377940795376,TIME EXIT,SNIPER_SHORT,2.8980584855226725,53.3644330111106
NAORIS/USDT,2026-01-20 21:45:00,2026-01-21 00:15:00,LONG,61.67143892334602,TRAILING STOP,SNIPER_LONG,2.093286436693486,54.04616947676107
NAORIS/USDT,2026-01-21 01:15:00,2026-01-21 01:45:00,SHORT,1.549683325101616,BREAKEVEN,SNIPER_SHORT,2.720078922238338,61.31115901172504
NAORIS/USDT,2026-01-21 01:45:00,2026-01-21 02:00:00,SHORT,1.307884384314176,BREAKEVEN,SNIPER_SHORT,0.9875327979191616,64.81732972495466
IP/USDT,2026-01-21 01:45:00,2026-01-21 02:30:00,SHORT,2.532962129509047,TIME EXIT,SNIPER_SHORT,1.849947116912071,37.10861829201192
NAORIS/USDT,2026-01-21 02:15:00,2026-01-21 02:45:00,SHORT,1.269599312400754,BREAKEVEN,SNIPER_SHORT,1.2528073069810142,67.43689366375258
AXS/USDT,2026-01-20 19:30:00,2026-01-21 04:00:00,LONG,26.912863268632286,TRAILING STOP,SNIPER_LONG,2.487863761804514,22.03295523464558
ME/USDT,2026-01-21 03:30:00,2026-01-21 04:15:00,SHORT,2.0912928676973275,TIME EXIT,SNIPER_SHORT,0.6941383088236976,44.18902299938052
ZRO/USDT,2026-01-20 18:15:00,2026-01-21 05:15:00,LONG,31.297257601229337,TRAILING STOP,SNIPER_LONG,2.3811589240723916,30.97509810227737
CLO/USDT,2026-01-21 04:00:00,2026-01-21 05:15:00,LONG,32.84678949994741,TRAILING STOP,SNIPER_LONG,2.7945776634798403,31.478122252904463
KITE/USDT,2026-01-21 04:45:00,2026-01-21 05:30:00,SHORT,-5.240023039215632,TIME EXIT,SNIPER_SHORT,1.482417471098745,53.12929178647923
CLO/USDT,2026-01-21 05:15:00,2026-01-21 05:30:00,LONG,-20.562703161771104,STOP LOSS,SNIPER_LONG,4.839560526614282,45.76582426272761
RIVER/USDT,2026-01-20 09:30:00,2026-01-21 07:00:00,LONG,29.077507578259194,TRAILING STOP,SNIPER_LONG,2.872274105368778,29.315724976458593
APEX/USDT,2026-01-21 06:15:00,2026-01-21 07:00:00,SHORT,1.2474809413353005,TIME EXIT,SNIPER_SHORT,1.2572644978042848,50.4603188674973
CLO/USDT,2026-01-21 06:30:00,2026-01-21 07:15:00,SHORT,8.286213528601433,TIME EXIT,SNIPER_SHORT,1.9282421151448645,47.26452493297902
POWER/USDT,2026-01-21 05:30:00,2026-01-21 07:45:00,LONG,32.75059208108913,TRAILING STOP,SNIPER_LONG,2.5504578330271777,27.55500336846576
PIPPIN/USDT,2026-01-21 07:30:00,2026-01-21 08:15:00,SHORT,-2.724760858249323,TIME EXIT,SNIPER_SHORT,1.0209044561032103,41.38828149091417
RIVER/USDT,2026-01-21 10:45:00,2026-01-21 11:30:00,SHORT,-11.31485664816769,TIME EXIT,SNIPER_SHORT,0.7886090473816914,56.12828366197646
PIPPIN/USDT,2026-01-21 11:00:00,2026-01-21 11:30:00,SHORT,-16.91058917390251,STOP LOSS,SNIPER_SHORT,2.6695727127621582,63.259983727380245
XLM/USDT,2026-01-21 05:15:00,2026-01-21 11:45:00,LONG,-7.589866200987159,STOP LOSS,SNIPER_LONG,3.3659521620706685,25.487705202327863
POWER/USDT,2026-01-21 07:45:00,2026-01-21 11:45:00,LONG,33.61394260988123,TRAILING STOP,SNIPER_LONG,2.6027844901223176,51.69842952362669
POWER/USDT,2026-01-21 11:45:00,2026-01-21 11:45:00,LONG,-20.671623603971046,STOP LOSS,SNIPER_LONG,7.944451517122955,46.658082474045464
BERA/USDT,2026-01-21 00:15:00,2026-01-21 12:15:00,LONG,-19.137059439036033,STOP LOSS,SNIPER_LONG,3.9572684173512034,21.24031617804662
PIPPIN/USDT,2026-01-21 12:00:00,2026-01-21 12:45:00,SHORT,-6.308966456979677,TIME EXIT,SNIPER_SHORT,0.9434453682073329,59.403323943022386
VVV/USDT,2026-01-21 12:15:00,2026-01-21 13:00:00,SHORT,-0.9870098969087988,TIME EXIT,SNIPER_SHORT,3.0328735364987045,42.98692494545491
PENDLE/USDT,2026-01-21 11:45:00,2026-01-21 13:30:00,LONG,-13.817465865431135,STOP LOSS,SNIPER_LONG,4.82795684887096,15.402292012976549
KITE/USDT,2026-01-21 13:30:00,2026-01-21 15:30:00,LONG,22.86365937204493,TRAILING STOP,SNIPER_LONG,3.2341573832138364,37.72152689949558
VVV/USDT,2026-01-21 15:00:00,2026-01-21 15:45:00,SHORT,-5.6249531826803505,TIME EXIT,SNIPER_SHORT,1.076992271469578,50.96994332113762
KITE/USDT,2026-01-21 15:30:00,2026-01-21 16:15:00,SHORT,8.025209042182365,TIME EXIT,SNIPER_SHORT,3.351523971702245,51.31739335753788
APEX/USDT,2026-01-21 15:30:00,2026-01-21 16:45:00,LONG,-13.570407905562407,STOP LOSS,SNIPER_LONG,2.8357718859526617,19.35251467150299
PIPPIN/USDT,2026-01-21 16:00:00,2026-01-21 16:45:00,SHORT,7.883101536492342,TIME EXIT,SNIPER_SHORT,1.7757127298718718,54.98856113191657
WHITEWHALE/USDT,2026-01-21 16:30:00,2026-01-21 16:45:00,SHORT,2.98067445794725,BREAKEVEN,SNIPER_SHORT,2.028172594816982,35.21657219907326
BTR/USDT,2026-01-21 12:15:00,2026-01-21 17:00:00,LONG,33.533506503622505,TRAILING STOP,SNIPER_LONG,2.1101593549411692,13.230359093987959
WHITEWHALE/USDT,2026-01-21 16:45:00,2026-01-21 17:30:00,SHORT,14.267812826976396,TIME EXIT,SNIPER_SHORT,1.8891409153949523,37.158928858039644
PIPPIN/USDT,2026-01-21 17:00:00,2026-01-21 17:30:00,SHORT,4.338721781398133,BREAKEVEN,SNIPER_SHORT,0.7329381748374963,55.429034104593306
PUMPFUN/USDT,2026-01-21 20:00:00,2026-01-21 20:45:00,SHORT,-5.672877547047766,TIME EXIT,SNIPER_SHORT,2.28420091886801,24.17851209615548
PENDLE/USDT,2026-01-21 20:15:00,2026-01-21 21:00:00,SHORT,5.94984930726746,TIME EXIT,SNIPER_SHORT,1.5458321506133068,25.324922573551284
BTR/USDT,2026-01-21 17:00:00,2026-01-21 22:00:00,LONG,-21.78048206615528,STOP LOSS,SNIPER_LONG,5.439175879464879,33.97177254785498
TAO/USDT,2026-01-21 21:15:00,2026-01-21 22:00:00,SHORT,-2.3033505180198683,TIME EXIT,SNIPER_SHORT,0.5722584587536916,29.53984819153963
WHITEWHALE/USDT,2026-01-21 21:15:00,2026-01-21 21:45:00,SHORT,-16.952243304605553,STOP LOSS,SNIPER_SHORT,1.0265558579955663,50.79248601734745
NAORIS/USDT,2026-01-21 22:15:00,2026-01-21 22:30:00,LONG,-19.767818945550232,STOP LOSS,SNIPER_LONG,2.103343667098791,26.71489319563024
WHITEWHALE/USDT,2026-01-21 22:15:00,2026-01-21 22:30:00,SHORT,3.0553306335660717,BREAKEVEN,SNIPER_SHORT,1.21093116363497,57.001187278939284
AXS/USDT,2026-01-22 02:00:00,2026-01-22 02:45:00,SHORT,6.516662276678679,TIME EXIT,SNIPER_SHORT,1.6010267381384824,36.662303680118804
SENT/USDT,2026-01-22 05:00:00,2026-01-22 05:15:00,SHORT,-13.36036191493252,STOP LOSS,SNIPER_SHORT,4.381709222135738,28.385411374231516
ZRO/USDT,2026-01-22 00:00:00,2026-01-22 07:15:00,LONG,-17.87294247564956,STOP LOSS,SNIPER_LONG,3.0553698231936695,18.45834484659333
SIREN/USDT,2026-01-22 09:30:00,2026-01-22 09:45:00,SHORT,-6.389472985156708,STOP LOSS,SNIPER_SHORT,10.20670814910333,44.55808913631052
WHITEWHALE/USDT,2026-01-22 07:15:00,2026-01-22 10:00:00,LONG,33.48980023981639,TRAILING STOP,SNIPER_LONG,2.313842150355958,27.415654252502172
KITE/USDT,2026-01-22 09:30:00,2026-01-22 10:15:00,SHORT,-1.4813125960448332,TIME EXIT,SNIPER_SHORT,1.6267258406581937,34.88467161305472
SIREN/USDT,2026-01-22 10:15:00,2026-01-22 11:00:00,SHORT,-2.927357025215235,TIME EXIT,SNIPER_SHORT,1.6574171790782917,53.55943225998654
SIREN/USDT,2026-01-22 11:30:00,2026-01-22 12:15:00,SHORT,-2.804148821658942,TIME EXIT,SNIPER_SHORT,0.09386920330224559,62.02960055395985
PIPPIN/USDT,2026-01-22 10:00:00,2026-01-22 15:45:00,LONG,-17.99357756470021,STOP LOSS,SNIPER_LONG,2.8429279727714554,36.89934007677371
0G/USDT,2026-01-22 14:45:00,2026-01-22 15:30:00,SHORT,0.20698956888501324,TIME EXIT,SNIPER_SHORT,2.0183942170963367,34.39384644638321
MYX/USDT,2026-01-21 12:00:00,2026-01-22 16:00:00,LONG,-20.575029052789816,STOP LOSS,SNIPER_LONG,14.617753882090883,43.46482217865385
SENT/USDT,2026-01-22 17:45:00,2026-01-22 18:00:00,SHORT,1.6230483068216814,BREAKEVEN,SNIPER_SHORT,1.340928955302154,20.938235458960484
SENT/USDT,2026-01-22 18:00:00,2026-01-22 18:30:00,SHORT,1.6290441229173482,BREAKEVEN,SNIPER_SHORT,1.249671072002596,23.01941988666049
RIVER/USDT,2026-01-22 18:30:00,2026-01-22 18:45:00,SHORT,2.5878388475419816,BREAKEVEN,SNIPER_SHORT,0.661169899243001,21.00916121240814
SIREN/USDT,2026-01-22 18:45:00,2026-01-22 19:30:00,SHORT,-3.8009657021882237,TIME EXIT,SNIPER_SHORT,1.1277340424031133,55.77968141026405
RIVER/USDT,2026-01-22 19:45:00,2026-01-22 20:15:00,SHORT,2.659227725587606,BREAKEVEN,SNIPER_SHORT,0.84446748931271,22.080086095402034
SIREN/USDT,2026-01-22 20:45:00,2026-01-22 21:30:00,SHORT,-2.007631114058345,TIME EXIT,SNIPER_SHORT,1.3602069629984659,58.425618831500344
RIVER/USDT,2026-01-22 21:30:00,2026-01-22 22:15:00,SHORT,-16.63616437902667,STOP LOSS,SNIPER_SHORT,0.7577034619146344,23.10568320662998
SIREN/USDT,2026-01-22 22:15:00,2026-01-22 23:00:00,SHORT,5.506672542017998,TIME EXIT,SNIPER_SHORT,1.9155465127914346,60.95913157738201
RIVER/USDT,2026-01-22 22:45:00,2026-01-22 23:15:00,SHORT,5.618633616759244,TRAILING STOP,SNIPER_SHORT,1.6592600402849944,31.32249799270953
APEX/USDT,2026-01-21 17:45:00,2026-01-23 00:30:00,LONG,-20.534055238849067,STOP LOSS,SNIPER_LONG,3.877932856340231,19.869562929827094
0G/USDT,2026-01-23 01:00:00,2026-01-23 01:45:00,SHORT,11.700501571909529,TIME EXIT,SNIPER_SHORT,2.3865427920445117,35.19001313003239
CTC/USDT,2026-01-23 01:30:00,2026-01-23 02:15:00,SHORT,1.7071694831899427,TIME EXIT,SNIPER_SHORT,3.7841949179299212,40.38927746694675
ZRO/USDT,2026-01-23 03:30:00,2026-01-23 04:15:00,SHORT,-9.660231025418353,TIME EXIT,SNIPER_SHORT,0.9158474332617699,36.953750131203485
KITE/USDT,2026-01-23 04:30:00,2026-01-23 05:15:00,SHORT,5.256212167814234,TIME EXIT,SNIPER_SHORT,1.2432084636383827,49.86872350395295
ZRO/USDT,2026-01-23 05:00:00,2026-01-23 05:45:00,SHORT,1.9882727419561423,TIME EXIT,SNIPER_SHORT,0.9223692891026619,39.75074281104236
AXS/USDT,2026-01-23 00:30:00,2026-01-23 06:00:00,LONG,-18.29647438704093,STOP LOSS,SNIPER_LONG,2.089319872655731,43.785515422685044
VVV/USDT,2026-01-23 06:00:00,2026-01-23 06:45:00,SHORT,10.47415483618881,TIME EXIT,SNIPER_SHORT,2.16097360610509,66.19269287465457
1000TOSHI/USDT,2026-01-23 06:00:00,2026-01-23 08:45:00,LONG,-6.915323024139346,STOP LOSS,SNIPER_LONG,4.942312684978452,26.552182721474516
0G/USDT,2026-01-23 08:45:00,2026-01-23 09:30:00,SHORT,6.3192559382433915,TIME EXIT,SNIPER_SHORT,2.7006419194342732,31.83382213666211
ZAMA/USDT,2026-01-21 08:15:00,2026-01-23 10:30:00,LONG,-20.338275889596638,STOP LOSS,SNIPER_LONG,3.4044341752128395,22.753456038256633
POWER/USDT,2026-01-23 09:00:00,2026-01-23 11:45:00,LONG,-16.972528773259064,STOP LOSS,SNIPER_LONG,2.8608085642221557,27.182037768962324
SIREN/USDT,2026-01-23 12:45:00,2026-01-23 13:30:00,SHORT,1.646257734731675,TIME EXIT,SNIPER_SHORT,0.6901244579205302,40.265485650551895
RENDER/USDT,2026-01-23 11:45:00,2026-01-23 14:30:00,LONG,-10.121063317581136,STOP LOSS,SNIPER_LONG,2.301157096710555,14.796260480920425
SIREN/USDT,2026-01-23 16:30:00,2026-01-23 17:15:00,SHORT,-5.574780640250328,TIME EXIT,SNIPER_SHORT,1.9350083715395725,36.919754951037916
HYPE/USDT,2026-01-23 17:00:00,2026-01-23 17:15:00,SHORT,-7.222598253955884,STOP LOSS,SNIPER_SHORT,1.9483878810037145,35.68117192839595
HYPE/USDT,2026-01-23 18:00:00,2026-01-23 18:45:00,SHORT,-2.148111179763248,TIME EXIT,SNIPER_SHORT,1.2344197846133267,41.53297663857058
ASTER/USDT,2026-01-23 18:30:00,2026-01-23 19:15:00,SHORT,9.30352127741241,TIME EXIT,SNIPER_SHORT,0.9583447769169767,34.02801496326795
BCH/USDT,2026-01-22 15:45:00,2026-01-23 20:30:00,LONG,-7.160541654124636,STOP LOSS,SNIPER_LONG,2.937086075595974,18.240648234520037
KITE/USDT,2026-01-23 19:15:00,2026-01-23 20:00:00,SHORT,4.29460247842341,TIME EXIT,SNIPER_SHORT,1.1660660839193604,38.07158305524251
AXS/USDT,2026-01-23 15:00:00,2026-01-24 03:30:00,LONG,-16.511147704234666,STOP LOSS,SNIPER_LONG,2.0027845804339206,24.198483413303084
ZEC/USDT,2026-01-22 16:15:00,2026-01-24 03:45:00,LONG,21.243002995672448,TRAILING STOP,SNIPER_LONG,2.0031841427190606,17.779463698528957
0G/USDT,2026-01-24 03:45:00,2026-01-24 04:30:00,LONG,-17.356362465695007,STOP LOSS,SNIPER_LONG,2.681793664037953,49.84950142824463
IP/USDT,2026-01-24 03:45:00,2026-01-24 04:30:00,SHORT,-13.50364973495876,STOP LOSS,SNIPER_SHORT,1.3114346921013569,26.91097485799622
RIVER/USDT,2026-01-24 05:15:00,2026-01-24 06:00:00,SHORT,-0.4062203837952402,TIME EXIT,SNIPER_SHORT,1.139325093900852,26.636851706125846
IP/USDT,2026-01-24 05:30:00,2026-01-24 06:15:00,SHORT,9.70646371361043,TIME EXIT,SNIPER_SHORT,1.3686921523942923,34.91095484284711
LINEA/USDT,2026-01-24 07:00:00,2026-01-24 07:45:00,SHORT,1.4504545562551368,TIME EXIT,SNIPER_SHORT,2.774954653056031,48.21269364232515
SENT/USDT,2026-01-23 23:30:00,2026-01-24 08:45:00,LONG,30.35982121751926,TRAILING STOP,SNIPER_LONG,3.2201340615940675,14.289524428690758
LIT/USDT,2026-01-24 08:00:00,2026-01-24 08:45:00,SHORT,4.698378129349375,TIME EXIT,SNIPER_SHORT,4.50033631067151,22.530978406070357
RIVER/USDT,2026-01-24 08:00:00,2026-01-24 08:45:00,SHORT,8.699943126634894,TRAILING STOP,SNIPER_SHORT,0.8575114206732527,39.59963615101746
MYX/USDT,2026-01-24 08:45:00,2026-01-24 09:30:00,SHORT,-4.725120006367801,TIME EXIT,SNIPER_SHORT,1.5131164470308571,34.26264192750859
SENT/USDT,2026-01-24 09:00:00,2026-01-24 09:45:00,SHORT,5.92023246616714,TIME EXIT,SNIPER_SHORT,1.8442495258887563,29.50637728271686
COAI/USDT,2026-01-24 03:30:00,2026-01-24 11:15:00,LONG,14.992001450172326,TRAILING STOP,SNIPER_LONG,2.237074440073108,18.49570499530569
LINEA/USDT,2026-01-24 14:00:00,2026-01-24 14:15:00,SHORT,-13.350022119839462,STOP LOSS,SNIPER_SHORT,1.936441930044933,50.29215012285094
LINEA/USDT,2026-01-24 15:15:00,2026-01-24 15:30:00,SHORT,-15.904148960380272,STOP LOSS,SNIPER_SHORT,2.133966072448906,58.26086359437353
PUMPFUN/USDT,2026-01-24 11:30:00,2026-01-24 18:15:00,LONG,15.028884859262359,TRAILING STOP,SNIPER_LONG,3.083108659292538,30.038681977095496
MYX/USDT,2026-01-24 18:00:00,2026-01-24 18:45:00,SHORT,-14.868846613677224,STOP LOSS,SNIPER_SHORT,1.730351499987815,32.89937306946274
PUMPFUN/USDT,2026-01-24 19:00:00,2026-01-24 19:15:00,SHORT,-8.48722687434255,STOP LOSS,SNIPER_SHORT,0.7737356864121672,37.769373121728805
POWER/USDT,2026-01-24 04:45:00,2026-01-24 20:15:00,LONG,-17.0017225072208,STOP LOSS,SNIPER_LONG,2.14673615316082,26.561663988706215
PUMPFUN/USDT,2026-01-24 20:00:00,2026-01-24 20:45:00,SHORT,-5.741315079213811,TIME EXIT,SNIPER_SHORT,2.345716168220092,46.95602604444177
VVV/USDT,2026-01-23 10:30:00,2026-01-24 22:15:00,LONG,-17.59303319417771,STOP LOSS,SNIPER_LONG,2.0653351601613417,44.68376140815935
PUMPFUN/USDT,2026-01-24 21:15:00,2026-01-24 22:00:00,SHORT,-0.4135679432554364,TIME EXIT,SNIPER_SHORT,0.784006260955571,54.67247300558013
PUMPFUN/USDT,2026-01-24 23:30:00,2026-01-25 00:15:00,SHORT,3.464370502436285,TIME EXIT,SNIPER_SHORT,0.526655973128502,58.26821669380865
RIVER/USDT,2026-01-24 23:30:00,2026-01-25 00:15:00,SHORT,-13.226528141157035,STOP LOSS,SNIPER_SHORT,1.050209408062782,30.140007908085177
LIT/USDT,2026-01-24 20:30:00,2026-01-25 01:30:00,LONG,-13.964162843400343,STOP LOSS,SNIPER_LONG,2.3624109175502164,29.02159768317952
HYPE/USDT,2026-01-24 08:45:00,2026-01-25 04:00:00,LONG,-8.528929408553516,STOP LOSS,SNIPER_LONG,2.702769020321122,19.544381494893624
FARTCOIN/USDT,2026-01-24 18:15:00,2026-01-25 03:15:00,LONG,-8.84273812973392,STOP LOSS,SNIPER_LONG,3.555721554099562,31.484064825019782
ASTER/USDT,2026-01-25 06:00:00,2026-01-25 07:15:00,LONG,-7.846544505042907,STOP LOSS,SNIPER_LONG,3.96687456080494,19.30442135046514
DEEP/USDT,2026-01-24 22:15:00,2026-01-25 08:30:00,LONG,-5.404384042168607,STOP LOSS,SNIPER_LONG,3.7698398709432657,12.775132324456179
ATH/USDT,2026-01-25 01:45:00,2026-01-25 11:00:00,LONG,13.468315173240377,TRAILING STOP,SNIPER_LONG,2.8200298390058864,39.4920781213847
LIT/USDT,2026-01-25 08:45:00,2026-01-25 11:00:00,LONG,-12.883578059356541,STOP LOSS,SNIPER_LONG,2.702332554017165,17.849052992420336
AUCTION/USDT,2026-01-25 09:00:00,2026-01-25 11:15:00,LONG,38.786004520686205,TRAILING STOP,SNIPER_LONG,3.775219253509676,40.09076890158576
ATH/USDT,2026-01-25 11:00:00,2026-01-25 13:30:00,LONG,-10.653622816122525,STOP LOSS,SNIPER_LONG,2.7613563580058824,25.860979186162197
AUCTION/USDT,2026-01-25 11:15:00,2026-01-25 14:00:00,LONG,41.97570720618943,TRAILING STOP,SNIPER_LONG,11.740230708487232,49.34692404908034
VVV/USDT,2026-01-25 04:30:00,2026-01-25 15:45:00,LONG,-8.599808774470118,STOP LOSS,SNIPER_LONG,2.3853521727364426,19.355611321348142
AUCTION/USDT,2026-01-25 15:15:00,2026-01-25 16:00:00,SHORT,9.985889675094676,TRAILING STOP,SNIPER_SHORT,1.900906864970441,69.29623665565563
1000TOSHI/USDT,2026-01-25 16:00:00,2026-01-25 16:00:00,LONG,-9.634572010927773,STOP LOSS,SNIPER_LONG,23.57555277286996,12.61531256170047
SPACE/USDT,2026-01-25 14:00:00,2026-01-25 16:30:00,LONG,-17.55314372677333,STOP LOSS,SNIPER_LONG,2.1642877499859314,16.00986018978154
SENT/USDT,2026-01-25 13:45:00,2026-01-25 18:30:00,LONG,34.22743412104995,TRAILING STOP,SNIPER_LONG,2.185372731356643,15.640549241184491
RIVER/USDT,2026-01-25 11:00:00,2026-01-25 20:00:00,LONG,26.29782212160411,TRAILING STOP,SNIPER_LONG,2.4815644528742977,26.46020083368259
SENT/USDT,2026-01-25 18:30:00,2026-01-25 18:45:00,LONG,-19.020800043395347,STOP LOSS,SNIPER_LONG,2.3515606895015946,39.04591045919805
WHITEWHALE/USDT,2026-01-25 22:30:00,2026-01-25 23:15:00,SHORT,1.0612718272062251,TIME EXIT,SNIPER_SHORT,0.9845470912112352,36.303385190773646
AUCTION/USDT,2026-01-25 22:15:00,2026-01-26 01:15:00,LONG,-18.910710216950932,STOP LOSS,SNIPER_LONG,2.6417192952546684,27.26852102602806
APEX/USDT,2026-01-25 22:45:00,2026-01-26 03:15:00,LONG,19.04113057333506,TRAILING STOP,SNIPER_LONG,3.7071247915622823,24.77148530871073
0G/USDT,2026-01-26 03:15:00,2026-01-26 03:30:00,LONG,-18.030433351337354,STOP LOSS,SNIPER_LONG,3.0518611979196084,31.192561805271524
BTR/USDT,2026-01-26 03:30:00,2026-01-26 04:30:00,LONG,31.147292750516975,TRAILING STOP,SNIPER_LONG,10.80021620193848,41.97701403353966
BTR/USDT,2026-01-26 04:30:00,2026-01-26 04:30:00,LONG,-18.32357781546067,STOP LOSS,SNIPER_LONG,6.763088609439343,53.996281617502866
LINEA/USDT,2026-01-26 05:30:00,2026-01-26 06:00:00,SHORT,-11.289409474597129,STOP LOSS,SNIPER_SHORT,2.5687457575674997,45.27555536299907
BTR/USDT,2026-01-26 05:30:00,2026-01-26 06:15:00,SHORT,2.9965137622570683,BREAKEVEN,SNIPER_SHORT,7.8869090058988265,59.793872116221486
BTR/USDT,2026-01-26 06:45:00,2026-01-26 07:15:00,SHORT,-15.810994908752562,STOP LOSS,SNIPER_SHORT,2.5098077992240633,65.58650366395784
LINEA/USDT,2026-01-26 07:00:00,2026-01-26 07:30:00,SHORT,-15.3878050628684,STOP LOSS,SNIPER_SHORT,5.098623496880285,55.08650248272524
BTR/USDT,2026-01-26 08:30:00,2026-01-26 08:45:00,SHORT,1.9531114285365987,BREAKEVEN,SNIPER_SHORT,1.0551714800727068,68.08583026382846
IP/USDT,2026-01-26 01:45:00,2026-01-26 09:00:00,LONG,-17.07344750349272,STOP LOSS,SNIPER_LONG,3.0411218858780753,32.34400770551113
RIVER/USDT,2026-01-25 20:00:00,2026-01-26 10:00:00,LONG,34.577024841132065,TRAILING STOP,SNIPER_LONG,3.9000341631869904,47.10770599600808
VVV/USDT,2026-01-26 09:30:00,2026-01-26 10:15:00,SHORT,-2.0847758450158684,TIME EXIT,SNIPER_SHORT,0.9571644587058902,43.97956540449749
KITE/USDT,2026-01-25 16:30:00,2026-01-26 15:45:00,LONG,-14.754501187976015,STOP LOSS,SNIPER_LONG,3.29940303441071,24.6682998533695
POWER/USDT,2026-01-26 16:30:00,2026-01-26 17:15:00,SHORT,7.970511181857006,TIME EXIT,SNIPER_SHORT,3.9609800375132185,30.940121803543107
WHITEWHALE/USDT,2026-01-26 17:00:00,2026-01-26 17:15:00,SHORT,1.5988278392751933,BREAKEVEN,SNIPER_SHORT,2.244866882571991,45.100058045329845
H/USDT,2026-01-26 09:15:00,2026-01-26 17:30:00,LONG,-12.463861756581428,STOP LOSS,SNIPER_LONG,2.1680904777468473,37.651332163078266
HYPE/USDT,2026-01-26 17:30:00,2026-01-26 18:15:00,SHORT,-7.676060638820743,TIME EXIT,SNIPER_SHORT,2.254314069718076,27.07122348699087
WHITEWHALE/USDT,2026-01-26 17:45:00,2026-01-26 18:15:00,SHORT,-13.602462290287267,STOP LOSS,SNIPER_SHORT,1.1135971293278053,51.319986909565
HYPE/USDT,2026-01-26 18:45:00,2026-01-26 19:30:00,SHORT,-4.650604366380662,TIME EXIT,SNIPER_SHORT,1.2302285231170116,36.42506349495266
WHITEWHALE/USDT,2026-01-26 18:45:00,2026-01-26 19:30:00,SHORT,5.4172466355944415,TIME EXIT,SNIPER_SHORT,1.3366046767663005,56.03996986577868
HYPE/USDT,2026-01-26 22:30:00,2026-01-26 22:45:00,SHORT,-7.633415387265843,STOP LOSS,SNIPER_SHORT,0.9841308591525412,47.41739783649381
BERA/USDT,2026-01-26 22:15:00,2026-01-26 23:00:00,SHORT,5.160461398477722,TIME EXIT,SNIPER_SHORT,3.942869354304459,29.018989606240183
HYPE/USDT,2026-01-26 23:30:00,2026-01-27 00:15:00,SHORT,-2.0882155360589354,TIME EXIT,SNIPER_SHORT,0.7369244001034422,51.09619319246256
VVV/USDT,2026-01-27 00:00:00,2026-01-27 00:45:00,SHORT,-1.7619894907881817,TIME EXIT,SNIPER_SHORT,0.6951932046589483,34.77979491540864
VVV/USDT,2026-01-27 02:00:00,2026-01-27 02:45:00,SHORT,3.1517335799867627,TIME EXIT,SNIPER_SHORT,0.42692285093674004,43.456832499970396
HYPE/USDT,2026-01-27 04:00:00,2026-01-27 04:00:00,SHORT,-8.565299997373991,STOP LOSS,SNIPER_SHORT,1.628525420838048,64.23860682803883
PUMPFUN/USDT,2026-01-27 04:00:00,2026-01-27 04:00:00,SHORT,-8.82089024497797,STOP LOSS,SNIPER_SHORT,1.7350707650503534,43.905736509824756
BTR/USDT,2026-01-26 15:45:00,2026-01-27 04:30:00,LONG,-15.809299050805777,STOP LOSS,SNIPER_LONG,2.946898715519045,42.487711936038856
LIT/USDT,2026-01-26 10:15:00,2026-01-27 05:00:00,LONG,28.199733477717672,TRAILING STOP,SNIPER_LONG,2.704149763550348,30.73259800803653
KITE/USDT,2026-01-27 04:30:00,2026-01-27 05:00:00,LONG,8.595906331557705,TRAILING STOP,SNIPER_LONG,2.364555421741975,11.949205171114873
HYPE/USDT,2026-01-27 04:30:00,2026-01-27 05:15:00,SHORT,-5.174954782826228,TIME EXIT,SNIPER_SHORT,0.7543670153993944,64.75489305261033
PUMPFUN/USDT,2026-01-27 04:30:00,2026-01-27 05:15:00,SHORT,-3.554147186022328,TIME EXIT,SNIPER_SHORT,0.8272210590097647,48.45158575087332
KITE/USDT,2026-01-27 05:00:00,2026-01-27 06:15:00,LONG,-7.1998494305414775,STOP LOSS,SNIPER_LONG,3.631968262544634,18.90248893850616
HYPE/USDT,2026-01-27 06:00:00,2026-01-27 06:30:00,SHORT,-8.820362832167879,STOP LOSS,SNIPER_SHORT,0.6450804015995972,66.68508606927472
PENDLE/USDT,2026-01-26 17:45:00,2026-01-27 06:45:00,LONG,-10.813296576178749,STOP LOSS,SNIPER_LONG,3.1975554163358906,35.97891111263262
PUMPFUN/USDT,2026-01-27 06:30:00,2026-01-27 07:15:00,SHORT,-4.193254521504732,TIME EXIT,SNIPER_SHORT,0.2575917674889962,61.00020359106721
PUMPFUN/USDT,2026-01-27 08:00:00,2026-01-27 08:00:00,SHORT,-10.658253392356412,STOP LOSS,SNIPER_SHORT,1.8356153169999698,63.308838608118236
MON/USDT,2026-01-27 08:00:00,2026-01-27 08:45:00,SHORT,3.055642202890824,TIME EXIT,SNIPER_SHORT,2.3714068656368172,48.912786989242086
ZEC/USDT,2026-01-27 08:00:00,2026-01-27 08:45:00,SHORT,3.1712827075613,TIME EXIT,SNIPER_SHORT,1.249672226024578,32.15153284507583
LINEA/USDT,2026-01-27 06:15:00,2026-01-27 09:00:00,LONG,20.481247309163017,TRAILING STOP,SNIPER_LONG,3.5040743832740393,17.121564295878127
LINEA/USDT,2026-01-27 09:00:00,2026-01-27 09:15:00,LONG,-14.334265566520841,STOP LOSS,SNIPER_LONG,3.034969331111865,40.405177457345225
HYPE/USDT,2026-01-27 09:00:00,2026-01-27 09:45:00,SHORT,3.073552113974233,TIME EXIT,SNIPER_SHORT,1.033076065369281,64.75059873878818
APEX/USDT,2026-01-27 12:45:00,2026-01-27 13:15:00,SHORT,-7.310224638743785,STOP LOSS,SNIPER_SHORT,0.29255313253597165,43.82122773325349
MON/USDT,2026-01-27 13:45:00,2026-01-27 14:15:00,SHORT,-9.69542371418746,STOP LOSS,SNIPER_SHORT,1.704487563117218,44.7948051038274
APEX/USDT,2026-01-27 14:30:00,2026-01-27 15:15:00,SHORT,15.264499705250156,TIME EXIT,SNIPER_SHORT,1.90618479619076,55.961522306815276
PYTH/USDT,2026-01-27 16:30:00,2026-01-27 17:15:00,SHORT,14.39044169463839,TIME EXIT,SNIPER_SHORT,6.608857182916094,39.72410040238789
PIPPIN/USDT,2026-01-27 17:15:00,2026-01-27 17:45:00,SHORT,3.4967397935430933,BREAKEVEN,SNIPER_SHORT,1.282291107063319,43.538213166534476
SENT/USDT,2026-01-27 06:45:00,2026-01-27 18:15:00,LONG,-14.023731238147363,STOP LOSS,SNIPER_LONG,2.00527371374041,17.317171402266315
XPL/USDT,2026-01-27 20:00:00,2026-01-27 20:15:00,SHORT,-9.752690899745492,STOP LOSS,SNIPER_SHORT,2.325378305421611,24.791418131755385
PIPPIN/USDT,2026-01-27 19:45:00,2026-01-27 20:30:00,SHORT,-13.252997895892053,TIME EXIT,SNIPER_SHORT,1.5232820355763455,52.270768485102934
LIT/USDT,2026-01-27 05:00:00,2026-01-27 21:30:00,LONG,21.349905134895728,TRAILING STOP,SNIPER_LONG,4.8028908724885975,35.32113605694305
FARTCOIN/USDT,2026-01-27 20:45:00,2026-01-27 21:30:00,SHORT,-3.6454577455970445,TIME EXIT,SNIPER_SHORT,0.8767516459668588,29.921179687380825
XPL/USDT,2026-01-27 20:45:00,2026-01-27 21:30:00,SHORT,-1.541680836379134,TIME EXIT,SNIPER_SHORT,1.3457695455205057,31.620951691010532
PIPPIN/USDT,2026-01-27 21:30:00,2026-01-27 22:15:00,SHORT,3.592596481700674,BREAKEVEN,SNIPER_SHORT,1.0607167869856955,58.64626127483962
WLFI/USDT,2026-01-27 22:00:00,2026-01-27 22:45:00,SHORT,-0.3749435171618754,TIME EXIT,SNIPER_SHORT,2.1286236355033323,31.627687914254736
HYPE/USDT,2026-01-27 23:30:00,2026-01-28 00:15:00,SHORT,-5.194206463611405,TIME EXIT,SNIPER_SHORT,0.8383995483722007,57.53324715025637
PIPPIN/USDT,2026-01-27 23:45:00,2026-01-28 00:30:00,SHORT,-9.59013682794231,TIME EXIT,SNIPER_SHORT,0.7709739228226651,52.10831734895727
HYPE/USDT,2026-01-28 02:15:00,2026-01-28 02:15:00,SHORT,-12.068192646275683,STOP LOSS,SNIPER_SHORT,0.7980319022850775,72.45981626978325
POWER/USDT,2026-01-27 09:30:00,2026-01-28 03:30:00,LONG,-14.01218958955741,STOP LOSS,SNIPER_LONG,2.0128236549050365,28.865974271689602
PIPPIN/USDT,2026-01-28 02:45:00,2026-01-28 03:30:00,SHORT,-14.203034359145263,STOP LOSS,SNIPER_SHORT,1.4107053294412397,62.250589048681356
HYPE/USDT,2026-01-28 03:00:00,2026-01-28 03:45:00,SHORT,-7.057294568012775,TIME EXIT,SNIPER_SHORT,1.581800666035671,74.72033465253992
BTR/USDT,2026-01-27 21:30:00,2026-01-28 04:00:00,LONG,-15.109792967148135,STOP LOSS,SNIPER_LONG,2.204252748059707,14.773506801742588
RIVER/USDT,2026-01-28 03:45:00,2026-01-28 04:30:00,SHORT,7.644358909100697,TIME EXIT,SNIPER_SHORT,0.624536503379135,33.67526668440134
ZRO/USDT,2026-01-28 03:45:00,2026-01-28 04:30:00,SHORT,-1.698901476532536,TIME EXIT,SNIPER_SHORT,1.1044080071446458,43.11221272382898
PIPPIN/USDT,2026-01-28 04:00:00,2026-01-28 04:45:00,SHORT,5.308596539087866,TIME EXIT,SNIPER_SHORT,1.8605271978844147,63.941789743523636
1000TOSHI/USDT,2026-01-28 03:30:00,2026-01-28 05:15:00,LONG,-6.978311750871374,STOP LOSS,SNIPER_LONG,6.660760806489449,22.24457747092585
HYPE/USDT,2026-01-28 05:00:00,2026-01-28 05:45:00,SHORT,9.636310324877451,TIME EXIT,SNIPER_SHORT,0.6146148387593651,73.70093272588996
KITE/USDT,2026-01-28 04:30:00,2026-01-28 06:15:00,LONG,33.78062098285582,TRAILING STOP,SNIPER_LONG,2.4033077745387375,25.314023301472105
IP/USDT,2026-01-27 18:30:00,2026-01-28 10:00:00,LONG,-12.808800596213695,STOP LOSS,SNIPER_LONG,2.4823336341589064,16.229006732476954
PENDLE/USDT,2026-01-28 12:15:00,2026-01-28 13:00:00,SHORT,-2.90442199838827,TIME EXIT,SNIPER_SHORT,1.8975355105013962,54.183192109581015
PENDLE/USDT,2026-01-28 13:30:00,2026-01-28 14:15:00,SHORT,5.9353685228536746,TIME EXIT,SNIPER_SHORT,1.8783522362209124,61.22482276918797
LINEA/USDT,2026-01-28 10:30:00,2026-01-28 15:00:00,LONG,-11.393800254452609,STOP LOSS,SNIPER_LONG,4.0133573739135935,15.477321170408848
BTR/USDT,2026-01-28 20:45:00,2026-01-28 21:30:00,SHORT,5.840331331398882,TIME EXIT,SNIPER_SHORT,0.8763768375847633,30.58779311836667
WLD/USDT,2026-01-28 21:30:00,2026-01-28 21:30:00,SHORT,-13.05759401389442,STOP LOSS,SNIPER_SHORT,7.207239517694624,30.52553404607217
ATH/USDT,2026-01-28 06:15:00,2026-01-28 23:00:00,LONG,14.064765930074481,TRAILING STOP,SNIPER_LONG,3.9048462509435478,17.17800420722708
WHITEWHALE/USDT,2026-01-28 22:30:00,2026-01-28 23:15:00,SHORT,-12.723919952910894,STOP LOSS,SNIPER_SHORT,1.5254366389007943,35.333701911178174
ATH/USDT,2026-01-28 23:30:00,2026-01-29 00:15:00,SHORT,5.535414340479221,TIME EXIT,SNIPER_SHORT,2.0607785697771086,28.05674004390485
WLD/USDT,2026-01-28 23:30:00,2026-01-29 00:15:00,SHORT,8.615147455834782,TIME EXIT,SNIPER_SHORT,1.2348327691604006,58.37901813929317
ARC/USDT,2026-01-28 23:00:00,2026-01-29 01:00:00,LONG,-8.391268137269751,STOP LOSS,SNIPER_LONG,3.839111422565659,18.4750961509221
IP/USDT,2026-01-29 01:15:00,2026-01-29 02:30:00,LONG,-14.411554289027942,STOP LOSS,SNIPER_LONG,4.279185615310423,22.358578129926755
PYTH/USDT,2026-01-28 15:15:00,2026-01-29 03:30:00,LONG,-12.687140355207255,STOP LOSS,SNIPER_LONG,2.0023523696194396,59.75980526627555
WHITEWHALE/USDT,2026-01-29 06:15:00,2026-01-29 06:30:00,SHORT,-12.753481135343087,STOP LOSS,SNIPER_SHORT,1.3805770761839395,50.7597483336078
KITE/USDT,2026-01-29 02:30:00,2026-01-29 06:45:00,LONG,-14.03827601606274,STOP LOSS,SNIPER_LONG,2.336892049150346,20.966115704461366
NAORIS/USDT,2026-01-29 07:00:00,2026-01-29 07:15:00,SHORT,-8.591464387721368,STOP LOSS,SNIPER_SHORT,1.5126434244689884,36.84329983201311
SENT/USDT,2026-01-29 07:00:00,2026-01-29 07:45:00,SHORT,-0.2800556570883858,TIME EXIT,SNIPER_SHORT,3.3158279322402664,52.075237319529556
NAORIS/USDT,2026-01-29 07:45:00,2026-01-29 08:00:00,SHORT,-10.016670536894589,STOP LOSS,SNIPER_SHORT,1.2704960369840288,42.42040724991956
SENT/USDT,2026-01-29 09:00:00,2026-01-29 09:45:00,SHORT,4.5011859899005415,TIME EXIT,SNIPER_SHORT,2.399312207245317,62.36519594777814
XPL/USDT,2026-01-28 05:15:00,2026-01-29 11:15:00,LONG,-12.619949619862833,STOP LOSS,SNIPER_LONG,2.509628359825656,37.92927553451823
XRP/USDT,2026-01-26 04:30:00,2026-01-29 14:15:00,LONG,-8.908772885626627,STOP LOSS,SNIPER_LONG,2.0523260501837886,31.601612256997456
SIREN/USDT,2026-01-29 05:00:00,2026-01-29 14:30:00,LONG,9.827356963503982,TRAILING STOP,SNIPER_LONG,9.1611350945646,18.111080375748497
MORPHO/USDT,2026-01-29 14:15:00,2026-01-29 14:30:00,LONG,-4.4757418933383,STOP LOSS,SNIPER_LONG,21.82155994294723,12.690900605361312
H/USDT,2026-01-29 14:45:00,2026-01-29 15:15:00,LONG,-11.892097539965057,STOP LOSS,SNIPER_LONG,27.612538100034453,33.75835311304003
HYPE/USDT,2026-01-29 12:00:00,2026-01-29 15:30:00,LONG,-13.259757110565175,STOP LOSS,SNIPER_LONG,8.712770078599048,18.186334069441774
SENT/USDT,2026-01-29 15:00:00,2026-01-29 15:45:00,SHORT,5.127813418335064,TIME EXIT,SNIPER_SHORT,0.8855091517392653,61.46115550780253
BTR/USDT,2026-01-29 06:45:00,2026-01-29 16:45:00,LONG,-13.181152798514516,STOP LOSS,SNIPER_LONG,4.103179644320647,27.962451773547844
ZRO/USDT,2026-01-29 16:30:00,2026-01-29 19:15:00,LONG,-11.663197975750151,STOP LOSS,SNIPER_LONG,3.37032190622183,15.020388028071721
SIREN/USDT,2026-01-29 17:15:00,2026-01-29 18:45:00,LONG,-13.542555901606987,STOP LOSS,SNIPER_LONG,2.3082929008557023,23.348441643376198
WLD/USDT,2026-01-29 16:00:00,2026-01-29 20:45:00,LONG,-16.021871530624704,STOP LOSS,SNIPER_LONG,3.10421439810456,55.449421940328136
KITE/USDT,2026-01-29 19:45:00,2026-01-29 22:00:00,LONG,-14.427097348581354,STOP LOSS,SNIPER_LONG,2.873888683249926,15.066003571994788
XAUT/USDT,2026-01-29 23:15:00,2026-01-30 01:00:00,LONG,-7.11579145669839,STOP LOSS,SNIPER_LONG,2.4954509789526886,18.695647704082173
POWER/USDT,2026-01-30 00:00:00,2026-01-30 02:00:00,LONG,-6.1154101016919,STOP LOSS,SNIPER_LONG,5.801489278421497,28.7155545832831
ZRO/USDT,2026-01-29 22:30:00,2026-01-30 06:00:00,LONG,-14.850691899960573,STOP LOSS,SNIPER_LONG,2.2818618082312274,18.38386920003593
0G/USDT,2026-01-30 05:00:00,2026-01-30 05:45:00,SHORT,5.7166261059527335,TIME EXIT,SNIPER_SHORT,2.3466905160120977,35.48358682027199
MON/USDT,2026-01-30 05:30:00,2026-01-30 06:15:00,SHORT,7.2528768018997605,TIME EXIT,SNIPER_SHORT,1.142018871784342,34.86956058681605
WHITEWHALE/USDT,2026-01-29 21:45:00,2026-01-30 09:15:00,LONG,-14.020359408086641,STOP LOSS,SNIPER_LONG,2.1212774805521937,9.900335670576633
BERA/USDT,2026-01-30 07:15:00,2026-01-30 07:30:00,LONG,-12.722529192956278,STOP LOSS,SNIPER_LONG,4.3675411269138635,23.85162927939616
AUCTION/USDT,2026-01-30 12:00:00,2026-01-30 14:30:00,LONG,24.45095341898096,TRAILING STOP,SNIPER_LONG,3.0358265388214285,32.385142849208236
AUCTION/USDT,2026-01-30 14:30:00,2026-01-30 14:30:00,LONG,-12.12948408910943,STOP LOSS,SNIPER_LONG,5.848757285327799,48.85277044126546
MON/USDT,2026-01-30 12:00:00,2026-01-30 15:15:00,LONG,-11.456581163768064,STOP LOSS,SNIPER_LONG,2.1412722905105257,22.709239680874624
SIREN/USDT,2026-01-30 03:45:00,2026-01-30 16:15:00,LONG,15.56675013962128,TRAILING STOP,SNIPER_LONG,3.4783368624676854,14.657340469810938
MUBARAK/USDT,2026-01-30 15:15:00,2026-01-30 18:15:00,LONG,-8.778026216170435,STOP LOSS,SNIPER_LONG,8.555883780730257,15.211702153727114
SENT/USDT,2026-01-30 01:00:00,2026-01-30 23:00:00,LONG,-11.809012953097438,STOP LOSS,SNIPER_LONG,2.7051425406488754,32.00772961305257
SENT/USDT,2026-01-31 01:30:00,2026-01-31 02:15:00,SHORT,5.505560053503703,TIME EXIT,SNIPER_SHORT,2.2511750738450083,31.938783559667385
SIREN/USDT,2026-01-30 16:15:00,2026-01-31 04:30:00,LONG,-12.133946074564093,STOP LOSS,SNIPER_LONG,27.671427247666042,26.447012041275375
KITE/USDT,2026-01-31 02:45:00,2026-01-31 03:30:00,SHORT,-4.408218950010078,TIME EXIT,SNIPER_SHORT,1.6938990705932413,40.14604069017055
ZAMA/USDT,2026-01-31 00:00:00,2026-01-31 06:30:00,LONG,15.789308997685637,TRAILING STOP,SNIPER_LONG,2.4010923450685153,20.875864336852707
HYPE/USDT,2026-01-30 19:00:00,2026-01-31 10:00:00,LONG,-12.392827388877537,STOP LOSS,SNIPER_LONG,3.4849958792607696,20.047523419271513
XMR/USDT,2026-01-31 06:45:00,2026-01-31 14:30:00,LONG,-9.050199905784433,STOP LOSS,SNIPER_LONG,3.981915226792652,13.13280275342038
XMR/USDT,2026-01-31 15:00:00,2026-01-31 17:30:00,LONG,-12.19580875617813,STOP LOSS,SNIPER_LONG,2.1460149679390175,23.77227322352403
KITE/USDT,2026-01-31 14:30:00,2026-01-31 18:30:00,LONG,-11.309635979493786,STOP LOSS,SNIPER_LONG,2.2804075999038727,27.770211641706908
SENT/USDT,2026-01-31 15:30:00,2026-01-31 23:15:00,LONG,18.097316915246886,TRAILING STOP,SNIPER_LONG,2.4092233362205877,18.476535785831956
VVV/USDT,2026-01-31 23:30:00,2026-02-01 00:15:00,SHORT,-1.2837732388234484,TIME EXIT,SNIPER_SHORT,1.1906064448705194,33.796107407388305
SENT/USDT,2026-02-01 00:30:00,2026-02-01 01:45:00,LONG,-11.834537747841189,STOP LOSS,SNIPER_LONG,2.4283227284265583,33.0085875799809
BTR/USDT,2026-02-01 01:00:00,2026-02-01 02:30:00,LONG,-11.640789748983932,STOP LOSS,SNIPER_LONG,2.9722653504264946,18.76923265556878
ZAMA/USDT,2026-02-01 01:45:00,2026-02-01 03:30:00,LONG,-11.17300370915637,STOP LOSS,SNIPER_LONG,7.4063739057569435,26.15069355131663
CLO/USDT,2026-02-01 03:00:00,2026-02-01 03:30:00,LONG,-10.479769551840269,STOP LOSS,SNIPER_LONG,3.1727008721023604,36.9511463653577
MYX/USDT,2026-02-01 06:15:00,2026-02-01 07:00:00,SHORT,1.1234206661489707,TIME EXIT,SNIPER_SHORT,0.9528905058719671,34.60303358459181
ZRO/USDT,2026-02-01 08:45:00,2026-02-01 14:15:00,LONG,-9.890046803474405,STOP LOSS,SNIPER_LONG,2.0356035769335508,22.5466232086138
KITE/USDT,2026-02-01 00:15:00,2026-02-01 23:00:00,LONG,-13.290529280659092,STOP LOSS,SNIPER_LONG,2.4369903787473204,17.288433914401566
WLFI/USDT,2026-02-01 20:00:00,2026-02-01 20:30:00,SHORT,-6.546661502332785,STOP LOSS,SNIPER_SHORT,0.9217186577686332,23.173911251259852
SENT/USDT,2026-02-01 23:15:00,2026-02-02 00:15:00,LONG,17.85509299194086,TRAILING STOP,SNIPER_LONG,4.255808619667005,15.98065526634591
SENT/USDT,2026-02-02 00:15:00,2026-02-02 00:30:00,LONG,-10.655274186601579,STOP LOSS,SNIPER_LONG,10.490042548621956,28.19404498685433
ZEC/USDT,2026-02-02 01:00:00,2026-02-02 01:45:00,SHORT,1.5866084893993042,TIME EXIT,SNIPER_SHORT,0.6887596612221834,33.68256289826043
AUCTION/USDT,2026-02-02 07:45:00,2026-02-02 08:00:00,SHORT,-9.698648835289921,STOP LOSS,SNIPER_SHORT,3.459172812937177,35.44346539482638
AUCTION/USDT,2026-02-02 08:30:00,2026-02-02 09:15:00,SHORT,5.269796073661724,TIME EXIT,SNIPER_SHORT,1.9697481610963823,45.245361349518305
MORPHO/USDT,2026-02-02 10:30:00,2026-02-02 11:15:00,SHORT,2.7455274714287357,TIME EXIT,SNIPER_SHORT,1.5723863443798962,20.704449986459014
ARC/USDT,2026-02-02 00:30:00,2026-02-02 13:30:00,LONG,17.771160706947434,TRAILING STOP,SNIPER_LONG,3.8825262956983235,16.548937970673016
MORPHO/USDT,2026-02-02 15:00:00,2026-02-02 15:00:00,SHORT,-5.2791063249390495,STOP LOSS,SNIPER_SHORT,0.7963072748081197,30.190151937116163
S/USDT,2026-02-02 15:00:00,2026-02-02 15:00:00,SHORT,-5.315891622604394,STOP LOSS,SNIPER_SHORT,2.259804775273467,34.0444965574219
APEX/USDT,2026-02-02 15:30:00,2026-02-02 16:15:00,SHORT,2.0409835169762185,TIME EXIT,SNIPER_SHORT,0.7203866788740982,49.31380809957562
S/USDT,2026-02-02 15:45:00,2026-02-02 16:30:00,SHORT,0.5418075880144464,TIME EXIT,SNIPER_SHORT,1.5262242025633046,40.42905902960459
MORPHO/USDT,2026-02-02 16:30:00,2026-02-02 17:15:00,SHORT,3.4390815102409222,TIME EXIT,SNIPER_SHORT,1.9822803599591798,46.82002739977868
SPX/USDT,2026-02-02 16:45:00,2026-02-02 17:30:00,SHORT,3.9708089094177685,TIME EXIT,SNIPER_SHORT,0.525033640953208,38.908319649077356
POL/USDT,2026-02-02 18:00:00,2026-02-02 18:45:00,SHORT,-6.805470738501241,STOP LOSS,SNIPER_SHORT,0.697344085882978,47.794100909851835
POWER/USDT,2026-02-01 06:15:00,2026-02-02 23:45:00,LONG,-7.038136728069427,STOP LOSS,SNIPER_LONG,2.43691699441962,22.476219926114393
SENT/USDT,2026-02-02 23:30:00,2026-02-03 00:15:00,SHORT,10.494070238277452,TIME EXIT,SNIPER_SHORT,1.9805945933670719,34.0894459273065
HYPE/USDT,2026-02-03 03:00:00,2026-02-03 03:30:00,SHORT,-7.654562018933817,STOP LOSS,SNIPER_SHORT,1.259132380913178,35.835834860244006
SIREN/USDT,2026-02-02 23:45:00,2026-02-03 04:30:00,LONG,13.565667602767196,TRAILING STOP,SNIPER_LONG,2.2184331097809693,39.195785075044654
HYPE/USDT,2026-02-03 04:30:00,2026-02-03 05:15:00,SHORT,2.397759502344976,TIME EXIT,SNIPER_SHORT,1.3050654616678734,48.1475907533364
SIREN/USDT,2026-02-03 05:00:00,2026-02-03 05:45:00,SHORT,1.0299345665105855,TIME EXIT,SNIPER_SHORT,2.5568738528814756,44.57908267540698
DOGE/USDT,2026-02-03 04:45:00,2026-02-03 06:00:00,LONG,-4.683736204259546,STOP LOSS,SNIPER_LONG,2.742224201939516,25.439652710475126
ARC/USDT,2026-02-03 05:45:00,2026-02-03 06:15:00,SHORT,-8.5030063374325,STOP LOSS,SNIPER_SHORT,1.0011583698735667,38.6871248483685
SIREN/USDT,2026-02-03 06:00:00,2026-02-03 06:45:00,SHORT,-1.7166244124332786,TIME EXIT,SNIPER_SHORT,0.35420781040963245,49.05089284751143
ARC/USDT,2026-02-03 06:45:00,2026-02-03 07:00:00,SHORT,-8.949387965740964,STOP LOSS,SNIPER_SHORT,2.2660390221904225,49.80863259997437
ARC/USDT,2026-02-03 07:30:00,2026-02-03 08:15:00,SHORT,2.9748909119578233,BREAKEVEN,SNIPER_SHORT,2.7322248310490833,55.409926452955915
ARC/USDT,2026-02-03 09:00:00,2026-02-03 09:45:00,SHORT,2.6050639738655277,BREAKEVEN,SNIPER_SHORT,1.512208498488785,55.298811929940776
SIREN/USDT,2026-02-03 09:00:00,2026-02-03 09:45:00,SHORT,2.979097518641665,TIME EXIT,SNIPER_SHORT,0.6692628484889177,50.394483586510354
MYX/USDT,2026-02-03 11:15:00,2026-02-03 12:00:00,SHORT,-1.8483671417320857,TIME EXIT,SNIPER_SHORT,0.8639270598325658,40.66476580678377
ARC/USDT,2026-02-03 13:15:00,2026-02-03 14:00:00,SHORT,-4.91388681890715,TIME EXIT,SNIPER_SHORT,1.2190312948035122,49.55260440779678
ARC/USDT,2026-02-03 15:00:00,2026-02-03 15:15:00,SHORT,-9.560219964626917,STOP LOSS,SNIPER_SHORT,1.7614481263660635,47.2843633118671
ADA/USDT,2026-02-03 06:30:00,2026-02-03 17:00:00,LONG,-5.127475891508985,STOP LOSS,SNIPER_LONG,2.1030298514594294,20.516709207181385
ARC/USDT,2026-02-03 16:15:00,2026-02-03 17:00:00,SHORT,5.868728246031684,TIME EXIT,SNIPER_SHORT,1.6072550676906732,52.43501997297171
ARC/USDT,2026-02-03 17:00:00,2026-02-03 17:15:00,SHORT,2.7442739783642014,BREAKEVEN,SNIPER_SHORT,1.7046183088185343,56.15516370276268
BCH/USDT,2026-02-02 13:30:00,2026-02-03 18:00:00,LONG,-7.0756304394087,STOP LOSS,SNIPER_LONG,5.341945677914457,35.15621338247864
TON/USDT,2026-02-03 17:00:00,2026-02-03 17:45:00,LONG,-5.533909777784589,STOP LOSS,SNIPER_LONG,2.811465120375217,23.07698051777654
CLO/USDT,2026-02-04 01:45:00,2026-02-04 01:45:00,SHORT,-10.04928080513517,STOP LOSS,SNIPER_SHORT,6.262951735204595,34.8149291892004
COAI/USDT,2026-02-04 04:45:00,2026-02-04 05:30:00,SHORT,9.121948686916435,TIME EXIT,SNIPER_SHORT,6.843780468900534,44.807379642111634
BTR/USDT,2026-02-01 16:15:00,2026-02-04 06:00:00,LONG,-9.914124049676515,STOP LOSS,SNIPER_LONG,2.6233488160368212,24.835398781191387
ARC/USDT,2026-02-03 18:00:00,2026-02-04 07:15:00,LONG,20.61758878822571,TRAILING STOP,SNIPER_LONG,3.560055221544249,50.4731116302691
0G/USDT,2026-02-04 07:15:00,2026-02-04 08:45:00,LONG,-10.237683104593044,STOP LOSS,SNIPER_LONG,13.840441866905543,19.435407785372664
WHITEWHALE/USDT,2026-01-30 14:30:00,2026-02-04 09:30:00,LONG,19.53480929904686,TRAILING STOP,SNIPER_LONG,2.119609421560696,35.48140156855851
RENDER/USDT,2026-02-04 08:45:00,2026-02-04 11:00:00,LONG,-6.037926655376912,STOP LOSS,SNIPER_LONG,3.0207559974798626,12.851020916707345
APT/USDT,2026-02-04 06:15:00,2026-02-04 13:30:00,LONG,-5.499559723907149,STOP LOSS,SNIPER_LONG,2.112981618250428,10.241280152645254
DEEP/USDT,2026-02-04 09:45:00,2026-02-04 13:45:00,LONG,-5.841173745738909,STOP LOSS,SNIPER_LONG,3.9543394194929706,15.216469199464015
H/USDT,2026-02-04 17:00:00,2026-02-04 17:30:00,SHORT,3.76366772182489,TRAILING STOP,SNIPER_SHORT,4.285186296475972,63.126393579858544
ARC/USDT,2026-02-04 14:15:00,2026-02-04 19:30:00,LONG,-10.881005515473646,STOP LOSS,SNIPER_LONG,2.388061590198049,26.792102839458696
SIREN/USDT,2026-02-04 14:15:00,2026-02-04 20:30:00,LONG,-7.8229981208037085,STOP LOSS,SNIPER_LONG,3.7578931312661714,23.332638689309803
ZRO/USDT,2026-02-04 20:00:00,2026-02-05 02:45:00,LONG,-9.839753031948808,STOP LOSS,SNIPER_LONG,2.2863278306255026,30.421955524719166
CTC/USDT,2026-02-05 02:45:00,2026-02-05 03:00:00,LONG,-10.382654519267744,STOP LOSS,SNIPER_LONG,2.0327165994777534,28.437537526351168
SENT/USDT,2026-02-05 03:15:00,2026-02-05 03:15:00,LONG,-10.093572669489513,STOP LOSS,SNIPER_LONG,7.003408767729798,20.752060050461083
HYPE/USDT,2026-02-03 19:15:00,2026-02-05 12:15:00,LONG,-10.780368191267886,STOP LOSS,SNIPER_LONG,2.8490413821621234,51.99281392476597
POWER/USDT,2026-02-05 04:30:00,2026-02-05 12:30:00,LONG,-5.990473405689556,STOP LOSS,SNIPER_LONG,8.293352857448191,12.302496004901805
MON/USDT,2026-02-05 12:15:00,2026-02-05 15:00:00,LONG,-9.377411976402469,STOP LOSS,SNIPER_LONG,2.8291152606492456,14.640225312029983
SPACE/USDT,2026-02-05 12:30:00,2026-02-05 15:15:00,LONG,-9.381707279543921,STOP LOSS,SNIPER_LONG,2.1391198778697067,20.505434342946877
WHITEWHALE/USDT,2026-02-04 11:15:00,2026-02-05 16:30:00,LONG,17.788670065031518,TRAILING STOP,SNIPER_LONG,3.546630096163632,51.31693861374492
MON/USDT,2026-02-05 16:30:00,2026-02-05 18:15:00,LONG,-8.979471896707608,STOP LOSS,SNIPER_LONG,2.503637428239996,17.45822673466412
H/USDT,2026-02-05 15:45:00,2026-02-05 20:15:00,LONG,-9.903549019020177,STOP LOSS,SNIPER_LONG,2.3317223103936113,20.171773611778047
LIT/USDT,2026-02-05 15:45:00,2026-02-05 19:45:00,LONG,-8.79595472911259,STOP LOSS,SNIPER_LONG,3.574320928232915,20.98143964693336
WHITEWHALE/USDT,2026-02-05 19:00:00,2026-02-05 19:45:00,SHORT,3.590947401032895,TIME EXIT,SNIPER_SHORT,0.8854138438407695,36.847012017636914
SIREN/USDT,2026-02-05 19:30:00,2026-02-05 23:45:00,LONG,-8.276989578587905,STOP LOSS,SNIPER_LONG,3.111448422381986,30.653967478588623
POWER/USDT,2026-02-05 20:45:00,2026-02-06 01:45:00,LONG,11.68815386774983,TRAILING STOP,SNIPER_LONG,2.7669009018174417,21.179029154048813
MYX/USDT,2026-02-06 00:30:00,2026-02-06 11:15:00,LONG,-8.963120429873356,STOP LOSS,SNIPER_LONG,4.640589127860144,16.62297646161103
SPX/USDT,2026-02-06 11:00:00,2026-02-06 11:45:00,SHORT,-4.920861550883209,TIME EXIT,SNIPER_SHORT,0.4851197667233016,21.621876695605607
WHITEWHALE/USDT,2026-02-06 11:15:00,2026-02-06 12:00:00,SHORT,2.838830428522504,TIME EXIT,SNIPER_SHORT,1.2836550649787697,41.25754345582806
ONDO/USDT,2026-02-06 12:00:00,2026-02-06 12:45:00,SHORT,-1.470383499930624,TIME EXIT,SNIPER_SHORT,0.6828640037342671,26.665709699407376
APEX/USDT,2026-02-06 12:15:00,2026-02-06 13:00:00,SHORT,1.3571509141161,TIME EXIT,SNIPER_SHORT,3.4991025724849365,22.752455618232716
MORPHO/USDT,2026-02-06 13:30:00,2026-02-06 13:45:00,SHORT,-3.762141990635796,STOP LOSS,SNIPER_SHORT,0.6133417815672392,32.32781921057542
SENT/USDT,2026-02-06 13:15:00,2026-02-06 14:00:00,SHORT,-3.2743114462180976,TIME EXIT,SNIPER_SHORT,5.052335116651296,22.49831301550045
ARC/USDT,2026-02-04 22:30:00,2026-02-06 14:45:00,LONG,17.130697275761886,TRAILING STOP,SNIPER_LONG,2.1974502996025373,44.975122538868774
XLM/USDT,2026-02-06 14:00:00,2026-02-06 14:45:00,SHORT,-3.1303461177360092,TIME EXIT,SNIPER_SHORT,1.3228887740222566,30.313951763863116
XRP/USDT,2026-02-06 14:00:00,2026-02-06 14:45:00,SHORT,-5.079052248632201,STOP LOSS,SNIPER_SHORT,1.3712479356189073,51.93604716677109
ONDO/USDT,2026-02-06 15:00:00,2026-02-06 15:45:00,SHORT,1.878826500588124,TIME EXIT,SNIPER_SHORT,1.4174286404484298,47.95899710526122
OP/USDT,2026-02-06 15:00:00,2026-02-06 15:45:00,SHORT,0.39163049656498333,TIME EXIT,SNIPER_SHORT,1.745756017604494,38.2939569057499
PIPPIN/USDT,2026-02-06 01:15:00,2026-02-06 16:15:00,LONG,17.793448711760675,TRAILING STOP,SNIPER_LONG,2.087277753983926,22.420520724586442
1000TOSHI/USDT,2026-02-06 14:45:00,2026-02-06 16:15:00,LONG,22.148272799865023,TRAILING STOP,SNIPER_LONG,3.5076521610405083,36.56305861638846
DASH/USDT,2026-02-06 15:45:00,2026-02-06 16:15:00,SHORT,-5.0382859053460045,STOP LOSS,SNIPER_SHORT,0.7474501217678465,46.81113320876191
MORPHO/USDT,2026-02-06 15:45:00,2026-02-06 16:15:00,SHORT,3.0278930543994678,TRAILING STOP,SNIPER_SHORT,0.44833315725275885,47.41048769079019
ATH/USDT,2026-02-06 16:15:00,2026-02-06 17:00:00,SHORT,-4.719173985869331,TIME EXIT,SNIPER_SHORT,0.8391754340813913,54.52223046268515
HBAR/USDT,2026-02-06 11:45:00,2026-02-06 17:15:00,LONG,18.55861830192683,TRAILING STOP,SNIPER_LONG,8.502277220330985,32.37801532057723
NAORIS/USDT,2026-02-06 16:30:00,2026-02-06 17:15:00,SHORT,-0.24944550692234357,TIME EXIT,SNIPER_SHORT,3.8854332961836198,45.49321775592554
0G/USDT,2026-02-06 17:00:00,2026-02-06 17:45:00,SHORT,-1.1868641775301774,TIME EXIT,SNIPER_SHORT,1.3465110543291097,43.83792617053942
APEX/USDT,2026-02-06 17:15:00,2026-02-06 18:00:00,SHORT,1.3746689195136501,TIME EXIT,SNIPER_SHORT,3.324556321532038,35.99087164036425
AUCTION/USDT,2026-02-06 17:15:00,2026-02-06 18:00:00,SHORT,2.101340915407082,TIME EXIT,SNIPER_SHORT,1.8932488246527392,61.87125929499156
ATH/USDT,2026-02-06 17:45:00,2026-02-06 18:30:00,SHORT,4.927432967770984,TIME EXIT,SNIPER_SHORT,0.41046207204991103,60.786210433545065
1000BONK/USDT,2026-02-06 18:00:00,2026-02-06 18:45:00,SHORT,3.3427399370923596,TIME EXIT,SNIPER_SHORT,1.1869841504773875,46.42674463379123
AAVE/USDT,2026-02-06 18:00:00,2026-02-06 18:45:00,SHORT,0.9768148537125748,TIME EXIT,SNIPER_SHORT,1.372562558298269,50.56408454682737
1000TOSHI/USDT,2026-02-06 16:15:00,2026-02-06 19:30:00,LONG,-8.477215076058346,STOP LOSS,SNIPER_LONG,56.32688989362864,46.02893686313673
BERA/USDT,2026-02-06 18:30:00,2026-02-06 20:15:00,LONG,-7.368180822737362,STOP LOSS,SNIPER_LONG,23.437237430128512,51.79926330742686
APEX/USDT,2026-02-06 19:30:00,2026-02-06 23:15:00,LONG,-8.355545529805958,STOP LOSS,SNIPER_LONG,2.497287355266838,31.386476492855987
BERA/USDT,2026-02-06 23:00:00,2026-02-06 23:45:00,SHORT,4.581412686673197,TIME EXIT,SNIPER_SHORT,0.5598808861125977,62.24846501049525
CLO/USDT,2026-02-06 23:15:00,2026-02-07 00:00:00,SHORT,3.3412256030287613,TIME EXIT,SNIPER_SHORT,1.3620096306378795,33.1506066604136
H/USDT,2026-02-07 02:00:00,2026-02-07 02:00:00,SHORT,-5.591480680403414,STOP LOSS,SNIPER_SHORT,1.7965279074108642,41.817650063336224
H/USDT,2026-02-07 02:45:00,2026-02-07 03:30:00,SHORT,2.5857519726416345,TRAILING STOP,SNIPER_SHORT,4.433729617608082,49.447972566016745
H/USDT,2026-02-07 03:30:00,2026-02-07 04:00:00,SHORT,-7.30152154361332,STOP LOSS,SNIPER_SHORT,3.049806022235383,53.60130728730013
COW/USDT,2026-02-06 20:45:00,2026-02-07 05:00:00,LONG,8.017022592249825,TRAILING STOP,SNIPER_LONG,3.1470399228853725,37.62530352819078
H/USDT,2026-02-07 04:30:00,2026-02-07 05:15:00,SHORT,-1.798554797160377,TIME EXIT,SNIPER_SHORT,2.228365579524087,55.03450691607126
XMR/USDT,2026-02-07 04:30:00,2026-02-07 05:15:00,SHORT,1.941854489658013,TIME EXIT,SNIPER_SHORT,1.6295114510324502,22.267791354687418
BCH/USDT,2026-02-06 23:15:00,2026-02-07 07:00:00,LONG,-7.392753308085195,STOP LOSS,SNIPER_LONG,5.908910316188933,53.06981337549587
LIT/USDT,2026-02-07 05:15:00,2026-02-07 07:00:00,LONG,-8.666294120395172,STOP LOSS,SNIPER_LONG,2.618055731737327,18.17354153355003
ARC/USDT,2026-02-07 07:30:00,2026-02-07 09:45:00,LONG,-9.098014824953117,STOP LOSS,SNIPER_LONG,2.4520859661690677,14.733776852954831
RIVER/USDT,2026-02-07 09:30:00,2026-02-07 10:15:00,SHORT,6.027645977191614,TIME EXIT,SNIPER_SHORT,3.8490915359021303,25.227566742965628
SIREN/USDT,2026-02-07 10:30:00,2026-02-07 11:15:00,SHORT,-6.141073827325515,STOP LOSS,SNIPER_SHORT,6.803295962352087,28.64066556330596
SIREN/USDT,2026-02-07 13:00:00,2026-02-07 13:15:00,SHORT,23.873162308768013,TRAILING STOP,SNIPER_SHORT,6.818660590940535,53.90048227890528
TON/USDT,2026-02-07 13:15:00,2026-02-07 14:00:00,SHORT,5.136819429715833,TIME EXIT,SNIPER_SHORT,2.4810585711175746,38.398645049750264
PENDLE/USDT,2026-02-07 16:30:00,2026-02-07 17:15:00,SHORT,2.2917361542533397,TIME EXIT,SNIPER_SHORT,4.025222887462438,31.2616096345488
COW/USDT,2026-02-07 19:15:00,2026-02-07 20:00:00,SHORT,2.8214770636360664,TIME EXIT,SNIPER_SHORT,1.9125846175107868,50.52819046719454
SIREN/USDT,2026-02-07 20:00:00,2026-02-07 20:15:00,SHORT,0.41221066703659853,BREAKEVEN,SNIPER_SHORT,0.9875066878708127,46.19631018553459
SIREN/USDT,2026-02-07 20:15:00,2026-02-07 20:30:00,SHORT,0.3867743070558426,BREAKEVEN,SNIPER_SHORT,1.148655142937638,46.48905872775237
SIREN/USDT,2026-02-07 21:15:00,2026-02-07 21:45:00,SHORT,1.972079782381707,TRAILING STOP,SNIPER_SHORT,0.5583287614773478,48.60106977865669
AUCTION/USDT,2026-02-08 05:30:00,2026-02-08 06:15:00,SHORT,3.144426876945238,TIME EXIT,SNIPER_SHORT,10.29598163826027,37.29408521260192
ASTER/USDT,2026-02-07 07:30:00,2026-02-08 08:15:00,LONG,13.221540103366493,TRAILING STOP,SNIPER_LONG,3.2692288705233548,21.39997250037926
POWER/USDT,2026-02-06 02:00:00,2026-02-08 10:30:00,LONG,-9.36223949857036,STOP LOSS,SNIPER_LONG,2.3913042011112706,19.78675930211216
PIPPIN/USDT,2026-02-08 10:00:00,2026-02-08 10:45:00,SHORT,-0.15868543142055108,TIME EXIT,SNIPER_SHORT,3.1948053490628623,23.01846687881949
KITE/USDT,2026-02-08 08:15:00,2026-02-08 12:45:00,LONG,13.90477945601241,TRAILING STOP,SNIPER_LONG,4.702455225551138,44.871205297344844
PIPPIN/USDT,2026-02-08 12:15:00,2026-02-08 12:30:00,SHORT,-5.803498303799029,STOP LOSS,SNIPER_SHORT,1.361479772398325,38.162734327826094
HBAR/USDT,2026-02-08 12:15:00,2026-02-08 13:00:00,SHORT,1.0945367638064856,TIME EXIT,SNIPER_SHORT,2.41136445870005,32.56902010867658
APEX/USDT,2026-02-07 10:15:00,2026-02-08 13:15:00,LONG,13.927764239548312,TRAILING STOP,SNIPER_LONG,2.1420459931058287,24.185788464428935
ASTER/USDT,2026-02-08 12:45:00,2026-02-08 13:30:00,SHORT,-0.558611798842879,TIME EXIT,SNIPER_SHORT,0.7904177451259028,62.719855558835874
PIPPIN/USDT,2026-02-08 13:45:00,2026-02-08 13:45:00,SHORT,-8.544534302179748,STOP LOSS,SNIPER_SHORT,6.342208721039611,54.16622267100492
PIPPIN/USDT,2026-02-08 14:15:00,2026-02-08 15:00:00,SHORT,-8.323241949085038,STOP LOSS,SNIPER_SHORT,4.157253725508554,59.28660338545664
H/USDT,2026-02-08 15:15:00,2026-02-08 16:00:00,SHORT,5.920451819141712,TIME EXIT,SNIPER_SHORT,6.842914382704026,41.918671626843164
PIPPIN/USDT,2026-02-08 16:00:00,2026-02-08 16:00:00,SHORT,-8.253227708717498,STOP LOSS,SNIPER_SHORT,0.9881775966504567,70.05930698675401
BCH/USDT,2026-02-08 13:00:00,2026-02-08 16:30:00,LONG,-4.120438963063291,STOP LOSS,SNIPER_LONG,13.68529038123617,22.83383135212379
PIPPIN/USDT,2026-02-08 16:30:00,2026-02-08 17:15:00,LONG,-8.734622624994081,STOP LOSS,SNIPER_LONG,2.3113550230638413,72.37143549712121
1000TOSHI/USDT,2026-02-08 19:00:00,2026-02-08 19:45:00,SHORT,-4.253030699100351,STOP LOSS,SNIPER_SHORT,3.268900923804858,22.484490918517658
1000TOSHI/USDT,2026-02-08 20:15:00,2026-02-08 21:00:00,SHORT,-0.8331274978884228,TIME EXIT,SNIPER_SHORT,5.050320422418115,32.43209005137746
1000PEPE/USDT,2026-02-06 16:15:00,2026-02-08 21:30:00,LONG,-8.444163346061089,STOP LOSS,SNIPER_LONG,2.3497123093087775,29.40985309233226
WLFI/USDT,2026-02-08 21:15:00,2026-02-08 22:00:00,SHORT,-4.7285282244676985,STOP LOSS,SNIPER_SHORT,1.4874678068332654,30.658425727648186
AXS/USDT,2026-02-09 04:00:00,2026-02-09 04:45:00,SHORT,-0.4031999774254319,TIME EXIT,SNIPER_SHORT,2.1315291306375723,51.171680400581764
WLFI/USDT,2026-02-09 04:15:00,2026-02-09 05:00:00,SHORT,-2.5456824161102314,TIME EXIT,SNIPER_SHORT,1.728316602108945,33.69844198782726
AXS/USDT,2026-02-09 05:15:00,2026-02-09 06:00:00,SHORT,-1.3536107141428435,TIME EXIT,SNIPER_SHORT,1.163992517174887,59.1007096473954
COW/USDT,2026-02-08 21:30:00,2026-02-09 06:15:00,LONG,5.550555556609582,TRAILING STOP,SNIPER_LONG,5.54412514422174,20.037005859683184
WLFI/USDT,2026-02-09 05:30:00,2026-02-09 06:15:00,SHORT,1.908446760491127,TIME EXIT,SNIPER_SHORT,0.9759695902135946,42.511138189200835
AXS/USDT,2026-02-09 07:15:00,2026-02-09 08:00:00,SHORT,-0.45501056607886936,TIME EXIT,SNIPER_SHORT,1.2977284615633842,63.142592790970404
XMR/USDT,2026-02-09 06:45:00,2026-02-09 08:30:00,LONG,-6.1169170186599,STOP LOSS,SNIPER_LONG,2.621579600032733,38.28836035935122
AXS/USDT,2026-02-09 08:30:00,2026-02-09 09:15:00,SHORT,4.440058345350272,TIME EXIT,SNIPER_SHORT,0.8014468211781607,64.17489493241072
APEX/USDT,2026-02-08 13:15:00,2026-02-09 10:30:00,LONG,-7.57757019467518,STOP LOSS,SNIPER_LONG,10.28749347350678,57.33528742308248
XMR/USDT,2026-02-09 09:00:00,2026-02-09 11:45:00,LONG,-6.012810600684207,STOP LOSS,SNIPER_LONG,2.539590369292435,27.858330407397172
POWER/USDT,2026-02-09 11:15:00,2026-02-09 13:00:00,LONG,-7.6725673017589475,STOP LOSS,SNIPER_LONG,3.7578206397233855,23.3242108845685
HYPE/USDT,2026-02-08 17:15:00,2026-02-09 14:00:00,LONG,-7.122044870800089,STOP LOSS,SNIPER_LONG,2.0170332777841393,14.226919053895127
ARC/USDT,2026-02-09 12:30:00,2026-02-09 15:30:00,LONG,-8.164940035860036,STOP LOSS,SNIPER_LONG,2.4981649958186423,10.583744223192951
CLO/USDT,2026-02-09 18:00:00,2026-02-09 18:45:00,SHORT,2.7313368560231766,TIME EXIT,SNIPER_SHORT,2.162637524021716,33.19452271965566
ZAMA/USDT,2026-02-09 18:45:00,2026-02-09 19:30:00,SHORT,1.6087097520615512,TIME EXIT,SNIPER_SHORT,1.1140843751482674,39.12991094384486
POWER/USDT,2026-02-09 19:30:00,2026-02-09 20:15:00,SHORT,-0.5442997819578015,TIME EXIT,SNIPER_SHORT,2.039888255720891,27.850746604084012
CLO/USDT,2026-02-09 20:30:00,2026-02-09 21:15:00,SHORT,-0.16293160725631473,TIME EXIT,SNIPER_SHORT,1.1755478055851174,39.96622247120339
SPACE/USDT,2026-02-09 20:30:00,2026-02-09 21:15:00,SHORT,1.8453159838367097,TIME EXIT,SNIPER_SHORT,0.8962728575802277,35.0804800246017
KITE/USDT,2026-02-09 13:15:00,2026-02-09 21:30:00,LONG,14.066537147891435,TRAILING STOP,SNIPER_LONG,3.2917672339749076,23.634698588452345
AXS/USDT,2026-02-10 00:45:00,2026-02-10 01:30:00,SHORT,-0.774134756772471,TIME EXIT,SNIPER_SHORT,5.6093106630897935,29.99858083770012
TRIA/USDT,2026-02-09 14:15:00,2026-02-10 02:30:00,LONG,-7.907424873544314,STOP LOSS,SNIPER_LONG,6.835480125722195,30.71226523627226
XMR/USDT,2026-02-10 02:00:00,2026-02-10 02:45:00,SHORT,2.5703694432097595,TIME EXIT,SNIPER_SHORT,3.9365971107544135,30.505819979851356
PYTH/USDT,2026-02-10 03:00:00,2026-02-10 03:15:00,LONG,-3.334519944769501,STOP LOSS,SNIPER_LONG,2.630328474944955,16.439162990867935
APEX/USDT,2026-02-10 03:15:00,2026-02-10 03:30:00,LONG,-3.879414234750187,STOP LOSS,SNIPER_LONG,23.892048978902377,21.558342875788007
ZRO/USDT,2026-02-10 04:15:00,2026-02-10 05:00:00,SHORT,-3.7693759613674835,TIME EXIT,SNIPER_SHORT,2.96123033829331,26.452537829430096
RIVER/USDT,2026-02-10 05:00:00,2026-02-10 05:45:00,SHORT,-1.0099644557974137,TIME EXIT,SNIPER_SHORT,3.5482707115865284,31.18306631298409
PIPPIN/USDT,2026-02-10 05:45:00,2026-02-10 06:30:00,SHORT,-0.43556239969072386,TIME EXIT,SNIPER_SHORT,1.07559707937106,52.92435251569506
SENT/USDT,2026-02-10 08:45:00,2026-02-10 08:45:00,SHORT,-6.188292734239548,STOP LOSS,SNIPER_SHORT,1.6726489219961118,38.37226468266513
PIPPIN/USDT,2026-02-10 08:45:00,2026-02-10 09:30:00,SHORT,-2.3639116311727966,TIME EXIT,SNIPER_SHORT,0.5493287388151135,47.18016846028174
COW/USDT,2026-02-09 21:30:00,2026-02-10 10:45:00,LONG,8.718642558324909,TRAILING STOP,SNIPER_LONG,4.732791430148915,20.267874023281493
POWER/USDT,2026-02-10 03:45:00,2026-02-10 11:00:00,LONG,15.594759352559556,TRAILING STOP,SNIPER_LONG,2.7729746559321335,26.61150642722191
PIPPIN/USDT,2026-02-10 11:45:00,2026-02-10 12:30:00,SHORT,1.9117138906938507,BREAKEVEN,SNIPER_SHORT,1.2152001220073787,41.46290453996096
BERA/USDT,2026-02-09 15:45:00,2026-02-10 14:30:00,LONG,14.370847079799198,TRAILING STOP,SNIPER_LONG,9.536611976232162,30.350462484710185
BCH/USDT,2026-02-10 11:00:00,2026-02-10 14:30:00,LONG,-3.4491776456041783,STOP LOSS,SNIPER_LONG,2.9067471438908306,22.530225258147116
POWER/USDT,2026-02-10 14:00:00,2026-02-10 14:45:00,SHORT,-7.690573304795925,STOP LOSS,SNIPER_SHORT,0.7521989350130958,38.53726987472418
BERA/USDT,2026-02-10 14:30:00,2026-02-10 15:00:00,SHORT,2.1501853833402538,BREAKEVEN,SNIPER_SHORT,1.0777596346109861,44.95128300972661
POWER/USDT,2026-02-10 15:45:00,2026-02-10 16:15:00,SHORT,1.0531810670927673,BREAKEVEN,SNIPER_SHORT,3.7817122393425073,47.24273031809578
MON/USDT,2026-02-10 16:45:00,2026-02-10 17:30:00,SHORT,3.668334345025326,TIME EXIT,SNIPER_SHORT,2.6097091573125515,53.541030678988314
NAORIS/USDT,2026-02-08 10:45:00,2026-02-10 18:00:00,LONG,-6.782263749588408,STOP LOSS,SNIPER_LONG,7.8830822639637965,12.413923985462052
MON/USDT,2026-02-10 17:45:00,2026-02-10 18:30:00,SHORT,4.331007560286276,TIME EXIT,SNIPER_SHORT,0.8522869859252497,54.97490693802379
ME/USDT,2026-02-10 14:30:00,2026-02-10 21:30:00,LONG,-4.009472629500446,STOP LOSS,SNIPER_LONG,5.497739270902696,31.082394046770368
ZRO/USDT,2026-02-10 20:30:00,2026-02-11 00:45:00,LONG,19.082921111978767,TRAILING STOP,SNIPER_LONG,2.574071843612932,16.19602371617198
XMR/USDT,2026-02-11 00:15:00,2026-02-11 01:00:00,SHORT,-3.813071563481788,STOP LOSS,SNIPER_SHORT,1.137122363130859,37.67950763938112
XPL/USDT,2026-02-11 00:45:00,2026-02-11 01:15:00,LONG,-4.422223605788369,STOP LOSS,SNIPER_LONG,4.573224885668194,14.214515837130554
XMR/USDT,2026-02-11 01:30:00,2026-02-11 02:15:00,SHORT,4.972992468905368,TIME EXIT,SNIPER_SHORT,5.372038294254629,49.2565355273703
AUCTION/USDT,2026-02-10 22:15:00,2026-02-11 02:45:00,LONG,-4.038035090680387,STOP LOSS,SNIPER_LONG,3.5239026269130376,12.835213893110648
ZRO/USDT,2026-02-11 02:30:00,2026-02-11 03:15:00,SHORT,1.6350318601363878,BREAKEVEN,SNIPER_SHORT,1.8234685560518171,36.66089678282983
BERA/USDT,2026-02-11 01:15:00,2026-02-11 10:00:00,LONG,13.872840067173346,TRAILING STOP,SNIPER_LONG,2.1369625972271367,13.693235065293818
PIPPIN/USDT,2026-02-11 02:45:00,2026-02-11 10:00:00,LONG,15.930106407409237,TRAILING STOP,SNIPER_LONG,2.654720644892705,16.313708509701083
CTC/USDT,2026-02-11 10:00:00,2026-02-11 10:45:00,LONG,-9.178875623414502,STOP LOSS,SNIPER_LONG,2.074317825663647,33.09057695971835
PIPPIN/USDT,2026-02-11 10:00:00,2026-02-11 10:45:00,SHORT,8.064030038391296,TIME EXIT,SNIPER_SHORT,0.6574524989128482,55.025337425557076
SIREN/USDT,2026-02-11 10:00:00,2026-02-11 10:45:00,LONG,-8.549298991236869,STOP LOSS,SNIPER_LONG,3.1894140964032385,26.78069024186001
PAXG/USDT,2026-02-11 10:45:00,2026-02-11 12:30:00,LONG,-1.8101615628099688,STOP LOSS,SNIPER_LONG,5.915721329580825,21.71968905534964
XAUT/USDT,2026-02-11 10:45:00,2026-02-11 12:30:00,LONG,-1.7231165741484336,STOP LOSS,SNIPER_LONG,6.571905451186057,17.35507994011886
COW/USDT,2026-02-11 12:30:00,2026-02-11 14:15:00,LONG,11.761439485282125,TRAILING STOP,SNIPER_LONG,2.773301645089142,15.436118707347717
ASTER/USDT,2026-02-11 12:45:00,2026-02-11 15:00:00,LONG,-8.320596593739694,STOP LOSS,SNIPER_LONG,3.924607890973394,21.9788573920171
0G/USDT,2026-02-11 14:15:00,2026-02-11 15:00:00,LONG,-6.015535875029069,STOP LOSS,SNIPER_LONG,2.9618719376176514,26.20352140147281
1000TOSHI/USDT,2026-02-11 14:30:00,2026-02-11 15:15:00,SHORT,4.519521130672556,TRAILING STOP,SNIPER_SHORT,6.3833441829124835,39.59515674516844
ATH/USDT,2026-02-11 14:30:00,2026-02-11 15:15:00,SHORT,1.90202450551467,TIME EXIT,SNIPER_SHORT,1.2970764474090977,34.6346130511133
POWER/USDT,2026-02-11 15:00:00,2026-02-11 15:45:00,LONG,-8.207832626379206,STOP LOSS,SNIPER_LONG,2.951862013652432,19.400118783384542
BERA/USDT,2026-02-11 15:15:00,2026-02-11 15:45:00,LONG,17.761911942075315,TRAILING STOP,SNIPER_LONG,2.2660888162142476,13.447019394262295
COW/USDT,2026-02-11 16:00:00,2026-02-11 16:15:00,SHORT,-6.03978856143772,STOP LOSS,SNIPER_SHORT,0.3049485242182316,40.7845083689109
WHITEWHALE/USDT,2026-02-11 18:15:00,2026-02-11 19:00:00,SHORT,0.16826141919046225,TIME EXIT,SNIPER_SHORT,2.5500813743974535,59.94601099338474
BERA/USDT,2026-02-11 15:45:00,2026-02-11 19:45:00,LONG,17.314611991216314,TRAILING STOP,SNIPER_LONG,3.8791849812246926,19.98154824821392
ZEC/USDT,2026-02-11 19:45:00,2026-02-11 20:30:00,SHORT,-3.2905563600198735,TIME EXIT,SNIPER_SHORT,0.5880896927163195,37.131238122691116
BERA/USDT,2026-02-11 20:00:00,2026-02-11 20:30:00,SHORT,-7.749274245053675,STOP LOSS,SNIPER_SHORT,2.0122172759482635,47.51807292618811
H/USDT,2026-02-11 15:45:00,2026-02-11 21:15:00,LONG,15.396938757591041,TRAILING STOP,SNIPER_LONG,2.3985927806275606,26.66827244942211
BERA/USDT,2026-02-11 21:15:00,2026-02-11 21:30:00,SHORT,1.2329874090677075,BREAKEVEN,SNIPER_SHORT,5.467006619447288,54.31130632314823
BERA/USDT,2026-02-11 21:30:00,2026-02-11 21:45:00,SHORT,-7.736298440632782,STOP LOSS,SNIPER_SHORT,1.8885679888060583,56.44455230584139
ZEC/USDT,2026-02-11 21:15:00,2026-02-11 22:00:00,SHORT,4.74366435475186,TIME EXIT,SNIPER_SHORT,0.5073512300690174,50.186396377796456
S/USDT,2026-02-11 22:00:00,2026-02-11 22:15:00,SHORT,-6.08266884886521,STOP LOSS,SNIPER_SHORT,3.973969576796971,40.39433353398262
ME/USDT,2026-02-11 22:45:00,2026-02-11 23:00:00,SHORT,-4.858563998457411,STOP LOSS,SNIPER_SHORT,6.1133680811709175,33.946950513394725
S/USDT,2026-02-11 23:15:00,2026-02-12 00:00:00,SHORT,-8.516356153383018,STOP LOSS,SNIPER_SHORT,2.059205652687757,53.99727160191271
LINEA/USDT,2026-02-12 01:00:00,2026-02-12 01:15:00,SHORT,1.369985971802819,BREAKEVEN,SNIPER_SHORT,3.2459597274994016,55.56703762387635
CTC/USDT,2026-02-12 02:00:00,2026-02-12 02:45:00,SHORT,1.6792606356836826,TIME EXIT,SNIPER_SHORT,0.7688510722195507,44.28746401351387
0G/USDT,2026-02-12 02:15:00,2026-02-12 02:45:00,SHORT,-7.561561341989212,STOP LOSS,SNIPER_SHORT,2.8689055963600403,56.87991409239472
HYPE/USDT,2026-02-12 03:00:00,2026-02-12 03:45:00,SHORT,1.4778535091245053,TIME EXIT,SNIPER_SHORT,1.3390872265229292,32.80599189456833
CLO/USDT,2026-02-12 03:30:00,2026-02-12 04:15:00,SHORT,-0.269737059176287,TIME EXIT,SNIPER_SHORT,6.271168425433961,33.13404577763458
0G/USDT,2026-02-12 05:15:00,2026-02-12 06:00:00,SHORT,-8.240949363151344,STOP LOSS,SNIPER_SHORT,1.0357104284871603,65.1661035688457
TRIA/USDT,2026-02-12 05:15:00,2026-02-12 06:00:00,SHORT,6.828792215705286,TIME EXIT,SNIPER_SHORT,1.8506065116233112,38.73821567731719
XPL/USDT,2026-02-12 06:00:00,2026-02-12 06:30:00,SHORT,-7.462159700910712,STOP LOSS,SNIPER_SHORT,1.15386357169318,52.7735329113625
1000TOSHI/USDT,2026-02-12 07:00:00,2026-02-12 07:30:00,SHORT,-6.3981091080961265,STOP LOSS,SNIPER_SHORT,2.5954269431296386,56.55059576521358
XPL/USDT,2026-02-12 07:00:00,2026-02-12 07:45:00,SHORT,-4.116813732342084,TIME EXIT,SNIPER_SHORT,0.4907425689398892,58.65654767079394
0G/USDT,2026-02-12 07:30:00,2026-02-12 08:15:00,SHORT,6.509097030828807,TIME EXIT,SNIPER_SHORT,3.016774848016709,71.12309692690751
BTR/USDT,2026-02-10 10:45:00,2026-02-12 09:00:00,LONG,19.124888065128577,TRAILING STOP,SNIPER_LONG,2.4293710678753717,28.187574804832632
AXS/USDT,2026-02-10 14:30:00,2026-02-12 09:00:00,LONG,-9.085712765576263,STOP LOSS,SNIPER_LONG,2.4859130282551267,15.789404872570042
BTR/USDT,2026-02-12 09:00:00,2026-02-12 09:00:00,SHORT,-8.21593296495473,STOP LOSS,SNIPER_SHORT,4.758207659173028,40.945471083412436
ME/USDT,2026-02-12 08:45:00,2026-02-12 09:15:00,SHORT,1.4987376244600186,BREAKEVEN,SNIPER_SHORT,2.593737591863417,69.01303528820678
ME/USDT,2026-02-12 10:00:00,2026-02-12 10:45:00,SHORT,-3.2020113246932804,TIME EXIT,SNIPER_SHORT,1.8879714356461523,69.44545196971286
ATH/USDT,2026-02-12 10:15:00,2026-02-12 10:45:00,SHORT,-3.5273024172084497,STOP LOSS,SNIPER_SHORT,3.599555970220823,50.37497783315544
1000BONK/USDT,2026-02-11 21:30:00,2026-02-12 11:15:00,LONG,9.629497896524464,TRAILING STOP,SNIPER_LONG,2.8679532630501425,19.249131912885215
BTR/USDT,2026-02-12 10:45:00,2026-02-12 11:15:00,SHORT,1.3686928542291428,BREAKEVEN,SNIPER_SHORT,2.350541960366125,59.59141686475989
ASTER/USDT,2026-02-12 09:00:00,2026-02-12 11:30:00,LONG,11.92166539146661,TRAILING STOP,SNIPER_LONG,2.691505895439182,15.981860005565684
ME/USDT,2026-02-12 11:15:00,2026-02-12 12:00:00,SHORT,3.294077891396771,TIME EXIT,SNIPER_SHORT,1.7494470682787735,66.90859410513647
TAO/USDT,2026-02-12 11:15:00,2026-02-12 12:00:00,SHORT,1.5779780290733019,TIME EXIT,SNIPER_SHORT,2.5218360559688473,38.53618881016306
1000TOSHI/USDT,2026-02-12 13:45:00,2026-02-12 14:15:00,SHORT,1.5908794526544,BREAKEVEN,SNIPER_SHORT,5.448162826077808,48.466723196459185
MORPHO/USDT,2026-02-12 11:30:00,2026-02-12 14:45:00,LONG,-3.6742921837558034,STOP LOSS,SNIPER_LONG,3.2756270135646663,21.35673524322688
HYPE/USDT,2026-02-12 09:00:00,2026-02-12 17:15:00,LONG,-5.137907325305643,STOP LOSS,SNIPER_LONG,2.1350359982946294,17.456615031042915
LIT/USDT,2026-02-12 14:45:00,2026-02-12 17:15:00,LONG,-8.499318056892609,STOP LOSS,SNIPER_LONG,51.03382699638591,18.332938102653305
CLO/USDT,2026-02-12 17:15:00,2026-02-12 17:15:00,SHORT,-10.01668790708882,STOP LOSS,SNIPER_SHORT,19.082444290734827,30.093230540576133
SIREN/USDT,2026-02-12 17:30:00,2026-02-12 18:15:00,LONG,18.473729447835698,TRAILING STOP,SNIPER_LONG,2.1794950542404217,25.699240933655545
SIREN/USDT,2026-02-12 18:15:00,2026-02-12 18:15:00,SHORT,-9.935087832881493,STOP LOSS,SNIPER_SHORT,10.054089673539991,35.727220405820134
SIREN/USDT,2026-02-12 19:00:00,2026-02-12 19:30:00,SHORT,-8.879031116305654,STOP LOSS,SNIPER_SHORT,7.075694401668006,42.564158666507964
LINEA/USDT,2026-02-12 18:45:00,2026-02-12 20:45:00,LONG,-9.734728374069098,STOP LOSS,SNIPER_LONG,2.6312692546352388,32.00350728584257
SIREN/USDT,2026-02-12 20:30:00,2026-02-12 21:15:00,SHORT,4.282607075009335,TIME EXIT,SNIPER_SHORT,3.1683909013006173,47.80360946393109
0G/USDT,2026-02-12 20:45:00,2026-02-13 00:15:00,LONG,-8.959965878752048,STOP LOSS,SNIPER_LONG,6.53669961699487,9.006427872205634
AAVE/USDT,2026-02-13 00:00:00,2026-02-13 00:45:00,SHORT,3.7339442995687975,TIME EXIT,SNIPER_SHORT,0.31049893368636006,48.77539719677034
MOODENG/USDT,2026-02-13 00:00:00,2026-02-13 00:45:00,SHORT,6.179983022169815,TIME EXIT,SNIPER_SHORT,4.8553799041931445,33.12869191320786
DEEP/USDT,2026-02-13 00:15:00,2026-02-13 01:30:00,LONG,12.46971450908115,TRAILING STOP,SNIPER_LONG,36.4590893507468,21.77344415385185
CTC/USDT,2026-02-13 02:45:00,2026-02-13 03:00:00,SHORT,-6.643343192234447,STOP LOSS,SNIPER_SHORT,6.38172365843869,28.40913505413205
DEEP/USDT,2026-02-13 02:45:00,2026-02-13 03:00:00,SHORT,-7.89088400234116,STOP LOSS,SNIPER_SHORT,2.6455310002261854,55.202457437212395
DEEP/USDT,2026-02-13 03:30:00,2026-02-13 04:15:00,SHORT,5.715360022745963,TIME EXIT,SNIPER_SHORT,2.2464958546309974,62.79729871878758
MON/USDT,2026-02-13 03:30:00,2026-02-13 04:15:00,SHORT,-3.043889859522752,TIME EXIT,SNIPER_SHORT,0.8217273214041546,48.6111186401354
VVV/USDT,2026-02-13 05:15:00,2026-02-13 06:00:00,SHORT,-1.508870331367419,TIME EXIT,SNIPER_SHORT,6.735573814776883,47.64004283846554
NAORIS/USDT,2026-02-13 06:30:00,2026-02-13 07:00:00,SHORT,1.79657974266746,BREAKEVEN,SNIPER_SHORT,6.309515483044484,40.26456849596086
NAORIS/USDT,2026-02-13 07:00:00,2026-02-13 07:45:00,SHORT,1.1202071882725555,TIME EXIT,SNIPER_SHORT,2.481095671081002,44.666986566729264
VVV/USDT,2026-02-13 07:30:00,2026-02-13 08:15:00,SHORT,-4.009916712775508,TIME EXIT,SNIPER_SHORT,0.7136685807891936,59.62914875394452
H/USDT,2026-02-13 08:00:00,2026-02-13 08:30:00,SHORT,2.5828277964510424,BREAKEVEN,SNIPER_SHORT,1.0745194040704509,43.719857582917854
CLO/USDT,2026-02-12 17:45:00,2026-02-13 08:45:00,LONG,18.305400486872202,TRAILING STOP,SNIPER_LONG,4.517033374496598,36.67924560665562
LIT/USDT,2026-02-13 08:30:00,2026-02-13 08:45:00,SHORT,-4.523132714217487,STOP LOSS,SNIPER_SHORT,0.8314097070542247,38.83671122943863
CLO/USDT,2026-02-13 08:45:00,2026-02-13 09:00:00,SHORT,-8.199304844623379,STOP LOSS,SNIPER_SHORT,2.2836986281291893,25.11260331042653
BTR/USDT,2026-02-12 11:15:00,2026-02-13 09:15:00,LONG,13.959295481009445,TRAILING STOP,SNIPER_LONG,3.6383733401578358,61.56863569663776
LIT/USDT,2026-02-13 09:30:00,2026-02-13 10:15:00,SHORT,2.9533392724577046,TIME EXIT,SNIPER_SHORT,2.8043325098291394,48.50580260125961
COAI/USDT,2026-02-13 01:30:00,2026-02-13 10:45:00,LONG,10.366921754773024,TRAILING STOP,SNIPER_LONG,4.933445536785485,24.55465499098456
ARC/USDT,2026-02-13 08:45:00,2026-02-13 11:00:00,LONG,17.709989679723787,TRAILING STOP,SNIPER_LONG,4.454050290137626,23.256983070734314
H/USDT,2026-02-13 10:30:00,2026-02-13 11:15:00,SHORT,-1.5390396606711316,TIME EXIT,SNIPER_SHORT,0.7506256142446226,34.49683607364561
VVV/USDT,2026-02-13 10:30:00,2026-02-13 11:15:00,SHORT,-0.9695882286446709,TIME EXIT,SNIPER_SHORT,2.9758489735840645,77.89166027734511
OM/USDT,2026-02-13 10:45:00,2026-02-13 11:45:00,LONG,-7.914920458783359,STOP LOSS,SNIPER_LONG,3.7269110599045314,34.09911835147631
SPACE/USDT,2026-02-13 11:45:00,2026-02-13 12:15:00,SHORT,3.4006898191889676,TRAILING STOP,SNIPER_SHORT,4.5320456779970995,33.407418984364014
H/USDT,2026-02-13 12:15:00,2026-02-13 13:00:00,SHORT,-4.956820498205243,TIME EXIT,SNIPER_SHORT,1.1986875078512045,30.794145930937194
VVV/USDT,2026-02-13 12:15:00,2026-02-13 13:00:00,SHORT,1.2952224198156004,TIME EXIT,SNIPER_SHORT,1.435259023582293,79.37647999802611
AZTEC/USDT,2026-02-13 11:45:00,2026-02-13 13:15:00,LONG,16.838715127531646,TRAILING STOP,SNIPER_LONG,2.4764257040967665,25.007916154604345
OM/USDT,2026-02-13 13:00:00,2026-02-13 13:15:00,SHORT,-9.337663023078154,STOP LOSS,SNIPER_SHORT,0.7367051527527186,45.21885020208547
KITE/USDT,2026-02-13 14:15:00,2026-02-13 14:30:00,SHORT,-8.973515042969188,STOP LOSS,SNIPER_SHORT,1.5973354471998775,21.353482166586243
ARC/USDT,2026-02-13 11:00:00,2026-02-13 14:45:00,LONG,17.424596307197657,TRAILING STOP,SNIPER_LONG,2.5878538071242176,48.45617749531324
OM/USDT,2026-02-13 14:15:00,2026-02-13 15:00:00,SHORT,1.4827752428375698,BREAKEVEN,SNIPER_SHORT,0.6649715475579128,51.99661183889786
COMP/USDT,2026-02-13 15:30:00,2026-02-13 16:15:00,SHORT,-1.950756639049281,TIME EXIT,SNIPER_SHORT,2.0165783935269057,58.545948675170216
SPACE/USDT,2026-02-13 15:30:00,2026-02-13 16:15:00,SHORT,5.705191941929329,TIME EXIT,SNIPER_SHORT,2.261414682852078,40.4933059407895
H/USDT,2026-02-13 16:30:00,2026-02-13 16:30:00,SHORT,-9.533962192283493,STOP LOSS,SNIPER_SHORT,2.675440519000734,26.310438175386647
0G/USDT,2026-02-13 14:45:00,2026-02-13 17:30:00,LONG,9.57952799708911,TRAILING STOP,SNIPER_LONG,2.410404753987973,24.288403767841768
MORPHO/USDT,2026-02-13 16:45:00,2026-02-13 17:30:00,SHORT,-2.6958949364681057,TIME EXIT,SNIPER_SHORT,6.775746358609856,31.030834984979315
SUI/USDT,2026-02-13 16:45:00,2026-02-13 17:30:00,SHORT,-1.0815741693612153,TIME EXIT,SNIPER_SHORT,1.3067178958771626,41.246188508507444
MUBARAK/USDT,2026-02-11 19:45:00,2026-02-13 17:45:00,LONG,13.013432187642024,TRAILING STOP,SNIPER_LONG,2.0675927738957145,16.821917310483244
XPL/USDT,2026-02-13 17:30:00,2026-02-13 18:15:00,SHORT,-1.0097537672001176,TIME EXIT,SNIPER_SHORT,0.5220044733374332,50.58205925324022
ZEC/USDT,2026-02-13 17:30:00,2026-02-13 18:15:00,SHORT,-5.383660453257214,STOP LOSS,SNIPER_SHORT,0.5002872258448247,56.96008570362307
CRV/USDT,2026-02-13 17:45:00,2026-02-13 18:30:00,SHORT,-0.49356151250781005,TIME EXIT,SNIPER_SHORT,0.37725907471473286,51.22205550370371
MON/USDT,2026-02-13 18:15:00,2026-02-13 19:00:00,SHORT,-5.331934582821179,TIME EXIT,SNIPER_SHORT,1.6952674339145322,43.40576007308259
MORPHO/USDT,2026-02-13 18:45:00,2026-02-13 19:30:00,SHORT,2.986934363480772,TIME EXIT,SNIPER_SHORT,1.04648469729941,47.329340382214426
XMR/USDT,2026-02-13 19:00:00,2026-02-13 19:45:00,SHORT,1.3716252594064637,TIME EXIT,SNIPER_SHORT,1.5093944649390223,40.12286159588998
PENGU/USDT,2026-02-13 19:30:00,2026-02-13 20:15:00,SHORT,1.0490727210799786,TIME EXIT,SNIPER_SHORT,0.995648259707899,48.63669225347082
1000TOSHI/USDT,2026-02-13 20:15:00,2026-02-13 20:30:00,SHORT,-7.080664464019542,STOP LOSS,SNIPER_SHORT,0.7830103054829836,31.01160358481835
ZEC/USDT,2026-02-13 20:15:00,2026-02-13 21:00:00,SHORT,-1.009946575278492,TIME EXIT,SNIPER_SHORT,1.1068045467611198,75.11319681760628
KITE/USDT,2026-02-13 20:30:00,2026-02-13 21:15:00,SHORT,-4.074283277208514,TIME EXIT,SNIPER_SHORT,0.788970923796128,51.055422025370724
COMP/USDT,2026-02-13 21:00:00,2026-02-13 21:15:00,SHORT,2.3227242853653287,BREAKEVEN,SNIPER_SHORT,7.968485343636743,69.58247337136122
1000TOSHI/USDT,2026-02-13 21:30:00,2026-02-13 21:45:00,SHORT,-6.960265824476131,STOP LOSS,SNIPER_SHORT,0.5493013650832416,43.15864081785739
COMP/USDT,2026-02-13 21:15:00,2026-02-13 22:00:00,SHORT,4.085656532158508,TIME EXIT,SNIPER_SHORT,3.9796118720249627,70.65559438167377
MUBARAK/USDT,2026-02-13 22:00:00,2026-02-13 22:45:00,SHORT,-3.080261457469177,TIME EXIT,SNIPER_SHORT,6.114721164571855,46.5312349886768
1000TOSHI/USDT,2026-02-13 22:15:00,2026-02-13 23:00:00,SHORT,-0.5176746665196759,TIME EXIT,SNIPER_SHORT,2.0107378705828913,49.95429468556233
NAORIS/USDT,2026-02-13 18:15:00,2026-02-13 23:30:00,LONG,16.147309408796385,TRAILING STOP,SNIPER_LONG,4.040043678018831,30.77511527287711
TAO/USDT,2026-02-13 22:45:00,2026-02-13 23:30:00,SHORT,-0.8517539921653954,TIME EXIT,SNIPER_SHORT,4.4320114289770824,54.39574815581326
BTR/USDT,2026-02-13 09:15:00,2026-02-13 23:45:00,LONG,-0.10602308409274211,DEVAM,SNIPER_LONG,6.987864625590464,14.760477045336671
AZTEC/USDT,2026-02-13 13:15:00,2026-02-13 23:45:00,LONG,-0.11014076369145676,DEVAM,SNIPER_LONG,5.537889658827737,35.06504994846031
DASH/USDT,2026-02-13 17:30:00,2026-02-13 23:45:00,LONG,-0.25393024802545866,DEVAM,SNIPER_LONG,6.567860150136014,44.989102823680426
BCH/USDT,2026-02-13 23:30:00,2026-02-13 23:45:00,LONG,-0.2545434395702102,DEVAM,SNIPER_LONG,8.266984692657694,46.06035419496425
MUBARAK/USDT,2026-02-13 23:30:00,2026-02-13 23:45:00,SHORT,-0.22908909561318916,DEVAM,SNIPER_SHORT,3.407369908200953,54.93663122222671
