timestamp,open,high,low,close,volume,symbol
2026-02-06 12:15:00,0.025,0.02637,0.02217,0.02305,270972823.0,TRIA/USDT:USDT
2026-02-06 12:30:00,0.02305,0.02318,0.0208,0.0216,220589203.0,TRIA/USDT:USDT
2026-02-06 12:45:00,0.02157,0.02244,0.02078,0.02216,130841082.0,TRIA/USDT:USDT
2026-02-06 13:00:00,0.0222,0.02268,0.02171,0.02244,113499744.0,TRIA/USDT:USDT
2026-02-06 13:15:00,0.02243,0.02244,0.0207,0.02111,139735596.0,TRIA/USDT:USDT
2026-02-06 13:30:00,0.02111,0.02177,0.0208,0.02151,76108127.0,TRIA/USDT:USDT
2026-02-06 13:45:00,0.02152,0.02214,0.02143,0.02156,79413067.0,TRIA/USDT:USDT
2026-02-06 14:00:00,0.02156,0.02203,0.02133,0.02179,65716264.0,TRIA/USDT:USDT
2026-02-06 14:15:00,0.02179,0.02268,0.02147,0.02202,84650921.0,TRIA/USDT:USDT
2026-02-06 14:30:00,0.02202,0.02237,0.02182,0.02195,65324647.0,TRIA/USDT:USDT
2026-02-06 14:45:00,0.02198,0.02428,0.0219,0.02318,155075401.0,TRIA/USDT:USDT
2026-02-06 15:00:00,0.02321,0.02373,0.02212,0.02245,97128291.0,TRIA/USDT:USDT
2026-02-06 15:15:00,0.02246,0.02345,0.02225,0.02327,59504121.0,TRIA/USDT:USDT
2026-02-06 15:30:00,0.02327,0.02402,0.02312,0.02343,69789941.0,TRIA/USDT:USDT
2026-02-06 15:45:00,0.02344,0.02469,0.02334,0.02425,93972542.0,TRIA/USDT:USDT
2026-02-06 16:00:00,0.02426,0.02505,0.02379,0.02435,86396138.0,TRIA/USDT:USDT
2026-02-06 16:15:00,0.02431,0.02459,0.0232,0.02356,75116464.0,TRIA/USDT:USDT
2026-02-06 16:30:00,0.02356,0.02484,0.02325,0.02446,74964882.0,TRIA/USDT:USDT
2026-02-06 16:45:00,0.02445,0.02498,0.02325,0.02351,80365908.0,TRIA/USDT:USDT
2026-02-06 17:00:00,0.02351,0.02365,0.02214,0.02244,77719141.0,TRIA/USDT:USDT
2026-02-06 17:15:00,0.02244,0.0234,0.0221,0.02323,67757354.0,TRIA/USDT:USDT
2026-02-06 17:30:00,0.02322,0.02399,0.02289,0.02365,46345021.0,TRIA/USDT:USDT
2026-02-06 17:45:00,0.02366,0.02373,0.0231,0.02329,41244491.0,TRIA/USDT:USDT
2026-02-06 18:00:00,0.02329,0.02374,0.02306,0.02343,39148886.0,TRIA/USDT:USDT
2026-02-06 18:15:00,0.02342,0.02413,0.0233,0.02353,36339981.0,TRIA/USDT:USDT
2026-02-06 18:30:00,0.02354,0.02387,0.02346,0.02355,15307551.0,TRIA/USDT:USDT
2026-02-06 18:45:00,0.02355,0.02389,0.02343,0.0236,16225871.0,TRIA/USDT:USDT
2026-02-06 19:00:00,0.02362,0.024,0.0235,0.0236,23599865.0,TRIA/USDT:USDT
2026-02-06 19:15:00,0.0236,0.02396,0.02351,0.02389,16151432.0,TRIA/USDT:USDT
2026-02-06 19:30:00,0.0239,0.0242,0.02312,0.02328,30257815.0,TRIA/USDT:USDT
2026-02-06 19:45:00,0.02329,0.02341,0.02302,0.02315,18694266.0,TRIA/USDT:USDT
2026-02-06 20:00:00,0.02315,0.02342,0.02253,0.02294,37889284.0,TRIA/USDT:USDT
2026-02-06 20:15:00,0.02294,0.02321,0.02283,0.02309,19578625.0,TRIA/USDT:USDT
2026-02-06 20:30:00,0.02307,0.02332,0.02287,0.0231,12389993.0,TRIA/USDT:USDT
2026-02-06 20:45:00,0.0231,0.02321,0.0227,0.02278,14093003.0,TRIA/USDT:USDT
2026-02-06 21:00:00,0.02279,0.02297,0.02264,0.02284,11766650.0,TRIA/USDT:USDT
2026-02-06 21:15:00,0.02285,0.02315,0.02271,0.02299,14289143.0,TRIA/USDT:USDT
2026-02-06 21:30:00,0.02298,0.0233,0.02285,0.02321,9724177.0,TRIA/USDT:USDT
2026-02-06 21:45:00,0.02322,0.02329,0.02291,0.02315,15787216.0,TRIA/USDT:USDT
2026-02-06 22:00:00,0.02317,0.02365,0.02315,0.0233,20957099.0,TRIA/USDT:USDT
2026-02-06 22:15:00,0.02329,0.02344,0.02289,0.02296,11352068.0,TRIA/USDT:USDT
2026-02-06 22:30:00,0.02296,0.02322,0.02277,0.02293,20472292.0,TRIA/USDT:USDT
2026-02-06 22:45:00,0.0229,0.02311,0.02278,0.02304,9528475.0,TRIA/USDT:USDT
2026-02-06 23:00:00,0.02306,0.02347,0.02299,0.02316,17017680.0,TRIA/USDT:USDT
2026-02-06 23:15:00,0.02315,0.02341,0.02306,0.02319,10118007.0,TRIA/USDT:USDT
2026-02-06 23:30:00,0.0232,0.02329,0.02302,0.02321,6740656.0,TRIA/USDT:USDT
2026-02-06 23:45:00,0.0232,0.02425,0.0231,0.02382,25043079.0,TRIA/USDT:USDT
2026-02-07 00:00:00,0.02383,0.02483,0.02355,0.02437,45461174.0,TRIA/USDT:USDT
2026-02-07 00:15:00,0.02436,0.0256,0.02384,0.02403,79208090.0,TRIA/USDT:USDT
2026-02-07 00:30:00,0.02405,0.02469,0.02393,0.02423,21365196.0,TRIA/USDT:USDT
2026-02-07 00:45:00,0.02422,0.02422,0.02189,0.02214,75169940.0,TRIA/USDT:USDT
2026-02-07 01:00:00,0.02215,0.02238,0.02123,0.02215,62814721.0,TRIA/USDT:USDT
2026-02-07 01:15:00,0.02215,0.02245,0.0218,0.02224,28255075.0,TRIA/USDT:USDT
2026-02-07 01:30:00,0.02224,0.02258,0.02218,0.02228,18709225.0,TRIA/USDT:USDT
2026-02-07 01:45:00,0.02229,0.02257,0.0218,0.02219,30702787.0,TRIA/USDT:USDT
2026-02-07 02:00:00,0.02219,0.02253,0.02211,0.02221,16946125.0,TRIA/USDT:USDT
2026-02-07 02:15:00,0.02221,0.0223,0.02189,0.02202,12144582.0,TRIA/USDT:USDT
2026-02-07 02:30:00,0.02201,0.02207,0.02106,0.02153,37944807.0,TRIA/USDT:USDT
2026-02-07 02:45:00,0.02153,0.02244,0.02151,0.02224,21344116.0,TRIA/USDT:USDT
2026-02-07 03:00:00,0.02223,0.0236,0.02214,0.0233,45756928.0,TRIA/USDT:USDT
2026-02-07 03:15:00,0.02327,0.02468,0.02325,0.02389,77583394.0,TRIA/USDT:USDT
2026-02-07 03:30:00,0.0239,0.02456,0.02357,0.02421,40264003.0,TRIA/USDT:USDT
2026-02-07 03:45:00,0.02421,0.02489,0.02386,0.02406,35309815.0,TRIA/USDT:USDT
2026-02-07 04:00:00,0.02406,0.02444,0.02371,0.02398,26027671.0,TRIA/USDT:USDT
2026-02-07 04:15:00,0.02399,0.02436,0.02365,0.02369,19551925.0,TRIA/USDT:USDT
2026-02-07 04:30:00,0.02369,0.02384,0.02325,0.0233,17058149.0,TRIA/USDT:USDT
2026-02-07 04:45:00,0.02331,0.02357,0.023,0.02327,32454215.0,TRIA/USDT:USDT
2026-02-07 05:00:00,0.02327,0.02362,0.02301,0.02324,24644330.0,TRIA/USDT:USDT
2026-02-07 05:15:00,0.02322,0.02355,0.02302,0.02324,21059363.0,TRIA/USDT:USDT
2026-02-07 05:30:00,0.02325,0.02339,0.0231,0.02324,9419983.0,TRIA/USDT:USDT
2026-02-07 05:45:00,0.02323,0.02338,0.02313,0.02334,10885770.0,TRIA/USDT:USDT
2026-02-07 06:00:00,0.02333,0.02362,0.02323,0.02348,13590823.0,TRIA/USDT:USDT
2026-02-07 06:15:00,0.02348,0.02358,0.02251,0.02262,46715645.0,TRIA/USDT:USDT
2026-02-07 06:30:00,0.02263,0.02294,0.0221,0.02228,31439167.0,TRIA/USDT:USDT
2026-02-07 06:45:00,0.02228,0.02231,0.02162,0.0217,36054836.0,TRIA/USDT:USDT
2026-02-07 07:00:00,0.0217,0.02226,0.02146,0.02216,43340781.0,TRIA/USDT:USDT
2026-02-07 07:15:00,0.02214,0.02221,0.02157,0.02181,26436611.0,TRIA/USDT:USDT
2026-02-07 07:30:00,0.02181,0.02327,0.02161,0.02218,45708748.0,TRIA/USDT:USDT
2026-02-07 07:45:00,0.02216,0.02249,0.02191,0.02207,28074317.0,TRIA/USDT:USDT
2026-02-07 08:00:00,0.02207,0.0223,0.02182,0.02212,21150379.0,TRIA/USDT:USDT
2026-02-07 08:15:00,0.02211,0.02215,0.02161,0.02184,17160533.0,TRIA/USDT:USDT
2026-02-07 08:30:00,0.02185,0.02214,0.02092,0.02107,36691451.0,TRIA/USDT:USDT
2026-02-07 08:45:00,0.02106,0.02138,0.02067,0.02095,63399325.0,TRIA/USDT:USDT
2026-02-07 09:00:00,0.02094,0.02103,0.01981,0.02022,78163694.0,TRIA/USDT:USDT
2026-02-07 09:15:00,0.02023,0.02113,0.0202,0.02098,39980447.0,TRIA/USDT:USDT
2026-02-07 09:30:00,0.02098,0.02108,0.02069,0.02085,19934982.0,TRIA/USDT:USDT
2026-02-07 09:45:00,0.02087,0.02095,0.0206,0.0207,15328914.0,TRIA/USDT:USDT
2026-02-07 10:00:00,0.0207,0.02105,0.02065,0.02097,13774174.0,TRIA/USDT:USDT
2026-02-07 10:15:00,0.02097,0.02124,0.02073,0.02117,21403805.0,TRIA/USDT:USDT
2026-02-07 10:30:00,0.02116,0.02118,0.02054,0.02081,23054194.0,TRIA/USDT:USDT
2026-02-07 10:45:00,0.02081,0.02083,0.02027,0.02038,19902118.0,TRIA/USDT:USDT
2026-02-07 11:00:00,0.02038,0.02042,0.02006,0.02019,27004299.0,TRIA/USDT:USDT
2026-02-07 11:15:00,0.02018,0.02024,0.01981,0.02012,36156183.0,TRIA/USDT:USDT
2026-02-07 11:30:00,0.02011,0.02024,0.0199,0.02021,24519728.0,TRIA/USDT:USDT
2026-02-07 11:45:00,0.02021,0.02028,0.01992,0.02014,21783448.0,TRIA/USDT:USDT
2026-02-07 12:00:00,0.02016,0.02023,0.01996,0.0201,16852577.0,TRIA/USDT:USDT
2026-02-07 12:15:00,0.0201,0.02044,0.02004,0.02028,28586318.0,TRIA/USDT:USDT
2026-02-07 12:30:00,0.02028,0.02073,0.02004,0.02015,41427736.0,TRIA/USDT:USDT
2026-02-07 12:45:00,0.02014,0.02014,0.01917,0.01939,56133696.0,TRIA/USDT:USDT
2026-02-07 13:00:00,0.01939,0.01953,0.01903,0.01921,35672102.0,TRIA/USDT:USDT
2026-02-07 13:15:00,0.01922,0.01935,0.01808,0.01821,86390454.0,TRIA/USDT:USDT
2026-02-07 13:30:00,0.01821,0.01859,0.01812,0.01853,49082952.0,TRIA/USDT:USDT
2026-02-07 13:45:00,0.01854,0.01927,0.01852,0.019,45640061.0,TRIA/USDT:USDT
2026-02-07 14:00:00,0.019,0.01934,0.01864,0.01893,47184570.0,TRIA/USDT:USDT
2026-02-07 14:15:00,0.01893,0.0192,0.01877,0.01899,22551464.0,TRIA/USDT:USDT
2026-02-07 14:30:00,0.019,0.01919,0.01877,0.01889,20649846.0,TRIA/USDT:USDT
2026-02-07 14:45:00,0.01888,0.01909,0.0183,0.01853,44006282.0,TRIA/USDT:USDT
2026-02-07 15:00:00,0.01853,0.01913,0.01847,0.01894,31623940.0,TRIA/USDT:USDT
2026-02-07 15:15:00,0.01894,0.01927,0.01888,0.01898,21087258.0,TRIA/USDT:USDT
2026-02-07 15:30:00,0.01898,0.01919,0.01873,0.01907,19810505.0,TRIA/USDT:USDT
2026-02-07 15:45:00,0.01906,0.01923,0.0189,0.01902,20811115.0,TRIA/USDT:USDT
2026-02-07 16:00:00,0.01902,0.01926,0.01863,0.01914,71214590.0,TRIA/USDT:USDT
2026-02-07 16:15:00,0.01913,0.01923,0.01892,0.0191,25495564.0,TRIA/USDT:USDT
2026-02-07 16:30:00,0.0191,0.02029,0.01909,0.01994,76426931.0,TRIA/USDT:USDT
2026-02-07 16:45:00,0.01995,0.02042,0.01933,0.01957,62511200.0,TRIA/USDT:USDT
2026-02-07 17:00:00,0.01957,0.01994,0.01941,0.0198,23693008.0,TRIA/USDT:USDT
2026-02-07 17:15:00,0.0198,0.02003,0.019,0.01932,41088659.0,TRIA/USDT:USDT
2026-02-07 17:30:00,0.01933,0.01949,0.0187,0.0189,32522517.0,TRIA/USDT:USDT
2026-02-07 17:45:00,0.01889,0.0192,0.01887,0.01916,17537146.0,TRIA/USDT:USDT
2026-02-07 18:00:00,0.01917,0.01936,0.01899,0.01908,15908131.0,TRIA/USDT:USDT
2026-02-07 18:15:00,0.01909,0.0192,0.01896,0.01915,10385039.0,TRIA/USDT:USDT
2026-02-07 18:30:00,0.01915,0.01941,0.01911,0.01917,13420482.0,TRIA/USDT:USDT
2026-02-07 18:45:00,0.01917,0.01924,0.01883,0.01892,22432934.0,TRIA/USDT:USDT
2026-02-07 19:00:00,0.01893,0.01934,0.01876,0.01928,19868278.0,TRIA/USDT:USDT
2026-02-07 19:15:00,0.01927,0.01974,0.0191,0.01964,21266810.0,TRIA/USDT:USDT
2026-02-07 19:30:00,0.01964,0.01975,0.01926,0.01933,26709570.0,TRIA/USDT:USDT
2026-02-07 19:45:00,0.01933,0.01993,0.0193,0.01969,21434599.0,TRIA/USDT:USDT
2026-02-07 20:00:00,0.01968,0.01991,0.01948,0.01953,11799091.0,TRIA/USDT:USDT
2026-02-07 20:15:00,0.01954,0.01961,0.01932,0.01943,11258014.0,TRIA/USDT:USDT
2026-02-07 20:30:00,0.01941,0.01943,0.01901,0.01905,12521037.0,TRIA/USDT:USDT
2026-02-07 20:45:00,0.01906,0.01937,0.01904,0.01931,11311923.0,TRIA/USDT:USDT
2026-02-07 21:00:00,0.01931,0.0194,0.01919,0.01939,6229134.0,TRIA/USDT:USDT
2026-02-07 21:15:00,0.0194,0.01955,0.01916,0.01936,10632409.0,TRIA/USDT:USDT
2026-02-07 21:30:00,0.01937,0.01959,0.01932,0.01939,9456074.0,TRIA/USDT:USDT
2026-02-07 21:45:00,0.01939,0.01942,0.01905,0.01909,9457292.0,TRIA/USDT:USDT
2026-02-07 22:00:00,0.01909,0.0191,0.01851,0.01896,37210599.0,TRIA/USDT:USDT
2026-02-07 22:15:00,0.01898,0.01936,0.01884,0.01917,14048214.0,TRIA/USDT:USDT
2026-02-07 22:30:00,0.01917,0.01924,0.01895,0.01923,6421241.0,TRIA/USDT:USDT
2026-02-07 22:45:00,0.01922,0.01943,0.0191,0.01915,4739220.0,TRIA/USDT:USDT
2026-02-07 23:00:00,0.01915,0.01964,0.01913,0.01933,15330113.0,TRIA/USDT:USDT
2026-02-07 23:15:00,0.01933,0.01945,0.01918,0.01921,6028628.0,TRIA/USDT:USDT
2026-02-07 23:30:00,0.01921,0.01943,0.01909,0.01925,9771043.0,TRIA/USDT:USDT
2026-02-07 23:45:00,0.01925,0.01936,0.01883,0.01883,14546751.0,TRIA/USDT:USDT
2026-02-08 00:00:00,0.01884,0.01885,0.01833,0.01874,35671354.0,TRIA/USDT:USDT
2026-02-08 00:15:00,0.01874,0.01876,0.01668,0.01723,103612505.0,TRIA/USDT:USDT
2026-02-08 00:30:00,0.01723,0.01779,0.01703,0.0173,47571769.0,TRIA/USDT:USDT
2026-02-08 00:45:00,0.01728,0.01732,0.01681,0.01708,41474224.0,TRIA/USDT:USDT
2026-02-08 01:00:00,0.01706,0.0174,0.01698,0.01711,38211436.0,TRIA/USDT:USDT
2026-02-08 01:15:00,0.01712,0.01744,0.01707,0.01731,15665406.0,TRIA/USDT:USDT
2026-02-08 01:30:00,0.0173,0.01753,0.01709,0.01721,16817093.0,TRIA/USDT:USDT
2026-02-08 01:45:00,0.01721,0.01789,0.01719,0.01774,35399320.0,TRIA/USDT:USDT
2026-02-08 02:00:00,0.01774,0.01881,0.01773,0.01832,80603229.0,TRIA/USDT:USDT
2026-02-08 02:15:00,0.01832,0.01841,0.01766,0.0177,39397375.0,TRIA/USDT:USDT
2026-02-08 02:30:00,0.0177,0.01779,0.01726,0.01742,27807085.0,TRIA/USDT:USDT
2026-02-08 02:45:00,0.01742,0.0175,0.01715,0.0173,27218085.0,TRIA/USDT:USDT
2026-02-08 03:00:00,0.0173,0.01749,0.01721,0.01741,17062477.0,TRIA/USDT:USDT
2026-02-08 03:15:00,0.0174,0.01759,0.01733,0.01734,17837608.0,TRIA/USDT:USDT
2026-02-08 03:30:00,0.01734,0.01754,0.01729,0.0174,11009914.0,TRIA/USDT:USDT
2026-02-08 03:45:00,0.01741,0.01753,0.01731,0.01747,12524954.0,TRIA/USDT:USDT
2026-02-08 04:00:00,0.01746,0.01752,0.01725,0.01748,15077278.0,TRIA/USDT:USDT
2026-02-08 04:15:00,0.01747,0.01759,0.017,0.01719,34050816.0,TRIA/USDT:USDT
2026-02-08 04:30:00,0.01717,0.01721,0.01677,0.01695,34077103.0,TRIA/USDT:USDT
2026-02-08 04:45:00,0.01696,0.01696,0.0165,0.01673,51305723.0,TRIA/USDT:USDT
2026-02-08 05:00:00,0.01675,0.0169,0.01663,0.01676,36379125.0,TRIA/USDT:USDT
2026-02-08 05:15:00,0.01677,0.01684,0.01656,0.01667,30673729.0,TRIA/USDT:USDT
2026-02-08 05:30:00,0.01668,0.01682,0.01629,0.01676,44556481.0,TRIA/USDT:USDT
2026-02-08 05:45:00,0.01676,0.01677,0.01633,0.01662,37707750.0,TRIA/USDT:USDT
2026-02-08 06:00:00,0.01662,0.01669,0.0165,0.01663,23895600.0,TRIA/USDT:USDT
2026-02-08 06:15:00,0.01664,0.01693,0.01658,0.01685,29812924.0,TRIA/USDT:USDT
2026-02-08 06:30:00,0.01684,0.01747,0.01676,0.01729,65719212.0,TRIA/USDT:USDT
2026-02-08 06:45:00,0.01728,0.0174,0.01666,0.01686,60972703.0,TRIA/USDT:USDT
2026-02-08 07:00:00,0.01686,0.01698,0.01667,0.01687,32804048.0,TRIA/USDT:USDT
2026-02-08 07:15:00,0.01687,0.0172,0.01685,0.01714,33379473.0,TRIA/USDT:USDT
2026-02-08 07:30:00,0.01713,0.01723,0.01697,0.01702,34055368.0,TRIA/USDT:USDT
2026-02-08 07:45:00,0.01701,0.01746,0.01694,0.01728,28687450.0,TRIA/USDT:USDT
2026-02-08 08:00:00,0.01728,0.01729,0.01704,0.0172,27433113.0,TRIA/USDT:USDT
2026-02-08 08:15:00,0.0172,0.01727,0.017,0.01724,27280294.0,TRIA/USDT:USDT
2026-02-08 08:30:00,0.01724,0.01747,0.01709,0.01735,48749956.0,TRIA/USDT:USDT
2026-02-08 08:45:00,0.01734,0.01781,0.0172,0.01743,40473460.0,TRIA/USDT:USDT
2026-02-08 09:00:00,0.01744,0.01777,0.01739,0.01746,38991926.0,TRIA/USDT:USDT
2026-02-08 09:15:00,0.01747,0.01749,0.01675,0.01686,59652290.0,TRIA/USDT:USDT
2026-02-08 09:30:00,0.01686,0.01714,0.01655,0.01681,59658558.0,TRIA/USDT:USDT
2026-02-08 09:45:00,0.0168,0.01693,0.01657,0.01684,31476118.0,TRIA/USDT:USDT
2026-02-08 10:00:00,0.01684,0.01697,0.01678,0.0169,23297471.0,TRIA/USDT:USDT
2026-02-08 10:15:00,0.0169,0.01692,0.0166,0.01669,28327783.0,TRIA/USDT:USDT
2026-02-08 10:30:00,0.01669,0.01689,0.01665,0.01669,19193858.0,TRIA/USDT:USDT
2026-02-08 10:45:00,0.0167,0.0169,0.01667,0.01681,22345109.0,TRIA/USDT:USDT
2026-02-08 11:00:00,0.01682,0.01694,0.01678,0.01687,11822505.0,TRIA/USDT:USDT
2026-02-08 11:15:00,0.01688,0.01708,0.01677,0.017,17899198.0,TRIA/USDT:USDT
2026-02-08 11:30:00,0.01699,0.01728,0.01698,0.01718,26948666.0,TRIA/USDT:USDT
2026-02-08 11:45:00,0.0172,0.01723,0.01698,0.01702,17682212.0,TRIA/USDT:USDT
2026-02-08 12:00:00,0.01702,0.01706,0.01678,0.01678,21348213.0,TRIA/USDT:USDT
2026-02-08 12:15:00,0.01679,0.01685,0.01621,0.01653,62996512.0,TRIA/USDT:USDT
2026-02-08 12:30:00,0.01654,0.01659,0.01629,0.01643,39994352.0,TRIA/USDT:USDT
2026-02-08 12:45:00,0.01642,0.01666,0.01625,0.01651,35739433.0,TRIA/USDT:USDT
2026-02-08 13:00:00,0.01652,0.01653,0.01551,0.01577,126605970.0,TRIA/USDT:USDT
2026-02-08 13:15:00,0.01576,0.01617,0.01575,0.01582,57746191.0,TRIA/USDT:USDT
2026-02-08 13:30:00,0.01582,0.01614,0.01578,0.01607,31982355.0,TRIA/USDT:USDT
2026-02-08 13:45:00,0.01608,0.01617,0.01591,0.01593,25586203.0,TRIA/USDT:USDT
2026-02-08 14:00:00,0.01593,0.01597,0.0156,0.0158,40443610.0,TRIA/USDT:USDT
2026-02-08 14:15:00,0.01581,0.01588,0.01544,0.01584,47797440.0,TRIA/USDT:USDT
2026-02-08 14:30:00,0.01584,0.0162,0.01584,0.01599,39866796.0,TRIA/USDT:USDT
2026-02-08 14:45:00,0.01599,0.01618,0.01573,0.01583,38628957.0,TRIA/USDT:USDT
2026-02-08 15:00:00,0.01583,0.01598,0.0156,0.01579,58003051.0,TRIA/USDT:USDT
2026-02-08 15:15:00,0.01578,0.01584,0.01552,0.01562,39494435.0,TRIA/USDT:USDT
2026-02-08 15:30:00,0.01561,0.01583,0.0156,0.01577,27585232.0,TRIA/USDT:USDT
2026-02-08 15:45:00,0.01576,0.01593,0.01563,0.01584,25900473.0,TRIA/USDT:USDT
2026-02-08 16:00:00,0.01584,0.0159,0.01553,0.01585,46483104.0,TRIA/USDT:USDT
2026-02-08 16:15:00,0.01584,0.01619,0.01583,0.01606,41762924.0,TRIA/USDT:USDT
2026-02-08 16:30:00,0.01606,0.01614,0.01585,0.01593,31654246.0,TRIA/USDT:USDT
2026-02-08 16:45:00,0.01592,0.01613,0.01573,0.01609,33700199.0,TRIA/USDT:USDT
2026-02-08 17:00:00,0.01609,0.01631,0.0159,0.01599,39462196.0,TRIA/USDT:USDT
2026-02-08 17:15:00,0.01598,0.01628,0.01596,0.01625,24136386.0,TRIA/USDT:USDT
2026-02-08 17:30:00,0.01625,0.01643,0.01613,0.01639,36633386.0,TRIA/USDT:USDT
2026-02-08 17:45:00,0.01639,0.01679,0.01627,0.01651,45203227.0,TRIA/USDT:USDT
2026-02-08 18:00:00,0.01652,0.0168,0.01648,0.01656,35656121.0,TRIA/USDT:USDT
2026-02-08 18:15:00,0.01657,0.01695,0.01653,0.01693,22844369.0,TRIA/USDT:USDT
2026-02-08 18:30:00,0.01694,0.01707,0.01672,0.01702,35836524.0,TRIA/USDT:USDT
2026-02-08 18:45:00,0.01702,0.01716,0.01672,0.01692,39406564.0,TRIA/USDT:USDT
2026-02-08 19:00:00,0.01692,0.01862,0.01692,0.01762,138019762.0,TRIA/USDT:USDT
2026-02-08 19:15:00,0.01763,0.01822,0.01731,0.01743,75966560.0,TRIA/USDT:USDT
2026-02-08 19:30:00,0.01744,0.0176,0.01712,0.01719,49689877.0,TRIA/USDT:USDT
2026-02-08 19:45:00,0.01719,0.01739,0.017,0.01717,32621669.0,TRIA/USDT:USDT
2026-02-08 20:00:00,0.01716,0.01721,0.01691,0.0171,18889403.0,TRIA/USDT:USDT
2026-02-08 20:15:00,0.0171,0.0172,0.0167,0.01684,26079097.0,TRIA/USDT:USDT
2026-02-08 20:30:00,0.01682,0.01712,0.01679,0.01702,17513022.0,TRIA/USDT:USDT
2026-02-08 20:45:00,0.01702,0.01784,0.01702,0.01782,45196245.0,TRIA/USDT:USDT
2026-02-08 21:00:00,0.01781,0.01795,0.01743,0.01748,38666068.0,TRIA/USDT:USDT
2026-02-08 21:15:00,0.01749,0.01768,0.01737,0.01755,17031519.0,TRIA/USDT:USDT
2026-02-08 21:30:00,0.01755,0.01765,0.0173,0.01749,18097629.0,TRIA/USDT:USDT
2026-02-08 21:45:00,0.01747,0.01765,0.0174,0.01761,9716740.0,TRIA/USDT:USDT
2026-02-08 22:00:00,0.01762,0.01764,0.01709,0.01727,24167635.0,TRIA/USDT:USDT
2026-02-08 22:15:00,0.01727,0.01731,0.01687,0.01696,20773874.0,TRIA/USDT:USDT
2026-02-08 22:30:00,0.01696,0.01709,0.01688,0.01697,13162833.0,TRIA/USDT:USDT
2026-02-08 22:45:00,0.01698,0.01717,0.01691,0.01704,8119533.0,TRIA/USDT:USDT
2026-02-08 23:00:00,0.01704,0.01775,0.01677,0.01703,57356645.0,TRIA/USDT:USDT
2026-02-08 23:15:00,0.01705,0.01729,0.01656,0.01695,47225777.0,TRIA/USDT:USDT
2026-02-08 23:30:00,0.01693,0.01712,0.01673,0.01687,25314588.0,TRIA/USDT:USDT
2026-02-08 23:45:00,0.01686,0.01693,0.01666,0.01687,18413524.0,TRIA/USDT:USDT
2026-02-09 00:00:00,0.01686,0.01705,0.01658,0.01698,21108945.0,TRIA/USDT:USDT
2026-02-09 00:15:00,0.01698,0.01713,0.01675,0.0168,17271417.0,TRIA/USDT:USDT
2026-02-09 00:30:00,0.0168,0.01753,0.01669,0.01717,40810140.0,TRIA/USDT:USDT
2026-02-09 00:45:00,0.01717,0.01768,0.01696,0.01763,48112343.0,TRIA/USDT:USDT
2026-02-09 01:00:00,0.01764,0.01794,0.01735,0.01783,60565108.0,TRIA/USDT:USDT
2026-02-09 01:15:00,0.01783,0.01789,0.01752,0.01757,30729749.0,TRIA/USDT:USDT
2026-02-09 01:30:00,0.01756,0.01759,0.01678,0.01692,33194587.0,TRIA/USDT:USDT
2026-02-09 01:45:00,0.0169,0.01735,0.01679,0.01721,31979755.0,TRIA/USDT:USDT
2026-02-09 02:00:00,0.01722,0.01741,0.01699,0.01727,25083535.0,TRIA/USDT:USDT
2026-02-09 02:15:00,0.01726,0.01742,0.01709,0.01719,16288482.0,TRIA/USDT:USDT
2026-02-09 02:30:00,0.01718,0.01726,0.01701,0.01716,14116365.0,TRIA/USDT:USDT
2026-02-09 02:45:00,0.01715,0.01715,0.01612,0.01622,42755239.0,TRIA/USDT:USDT
2026-02-09 03:00:00,0.01623,0.01661,0.01622,0.01641,43275895.0,TRIA/USDT:USDT
2026-02-09 03:15:00,0.01641,0.01666,0.01634,0.01645,22789377.0,TRIA/USDT:USDT
2026-02-09 03:30:00,0.01646,0.01656,0.01628,0.01643,19643474.0,TRIA/USDT:USDT
2026-02-09 03:45:00,0.01644,0.01648,0.0159,0.01614,57389603.0,TRIA/USDT:USDT
2026-02-09 04:00:00,0.01614,0.01618,0.01585,0.01597,32437690.0,TRIA/USDT:USDT
2026-02-09 04:15:00,0.01597,0.01609,0.0159,0.01605,18359889.0,TRIA/USDT:USDT
2026-02-09 04:30:00,0.01604,0.01611,0.01596,0.01605,12338313.0,TRIA/USDT:USDT
2026-02-09 04:45:00,0.01603,0.01628,0.01602,0.01613,26990378.0,TRIA/USDT:USDT
2026-02-09 05:00:00,0.01614,0.01618,0.016,0.01609,10290979.0,TRIA/USDT:USDT
2026-02-09 05:15:00,0.01609,0.01612,0.01572,0.01584,26809124.0,TRIA/USDT:USDT
2026-02-09 05:30:00,0.01584,0.01611,0.01579,0.01593,19767556.0,TRIA/USDT:USDT
2026-02-09 05:45:00,0.01594,0.01602,0.01573,0.01586,17484166.0,TRIA/USDT:USDT
2026-02-09 06:00:00,0.01585,0.01597,0.01573,0.01584,17191558.0,TRIA/USDT:USDT
2026-02-09 06:15:00,0.01585,0.01599,0.01577,0.01589,18006434.0,TRIA/USDT:USDT
2026-02-09 06:30:00,0.01587,0.01609,0.01579,0.01597,19735608.0,TRIA/USDT:USDT
2026-02-09 06:45:00,0.01597,0.01648,0.01596,0.01631,45132921.0,TRIA/USDT:USDT
2026-02-09 07:00:00,0.01631,0.01686,0.01628,0.01676,46941657.0,TRIA/USDT:USDT
2026-02-09 07:15:00,0.01676,0.01682,0.01639,0.01652,33593577.0,TRIA/USDT:USDT
2026-02-09 07:30:00,0.01652,0.01673,0.01639,0.01643,19710114.0,TRIA/USDT:USDT
2026-02-09 07:45:00,0.01643,0.01662,0.01627,0.01648,21067718.0,TRIA/USDT:USDT
2026-02-09 08:00:00,0.01648,0.01652,0.0163,0.01644,14575772.0,TRIA/USDT:USDT
2026-02-09 08:15:00,0.01645,0.01658,0.01639,0.01654,12925093.0,TRIA/USDT:USDT
2026-02-09 08:30:00,0.01654,0.01684,0.01644,0.01684,19143933.0,TRIA/USDT:USDT
2026-02-09 08:45:00,0.01684,0.01696,0.0166,0.01665,32805415.0,TRIA/USDT:USDT
2026-02-09 09:00:00,0.01663,0.01689,0.01658,0.01675,20381519.0,TRIA/USDT:USDT
2026-02-09 09:15:00,0.01675,0.01716,0.01666,0.01707,28433779.0,TRIA/USDT:USDT
2026-02-09 09:30:00,0.01708,0.01725,0.01681,0.01689,35367742.0,TRIA/USDT:USDT
2026-02-09 09:45:00,0.0169,0.01707,0.01661,0.01667,21580434.0,TRIA/USDT:USDT
2026-02-09 10:00:00,0.01666,0.01694,0.01655,0.01679,25400368.0,TRIA/USDT:USDT
2026-02-09 10:15:00,0.01679,0.01716,0.01678,0.0171,20161290.0,TRIA/USDT:USDT
2026-02-09 10:30:00,0.01708,0.01719,0.01691,0.01707,24285543.0,TRIA/USDT:USDT
2026-02-09 10:45:00,0.01706,0.01769,0.01706,0.01753,46538719.0,TRIA/USDT:USDT
2026-02-09 11:00:00,0.01752,0.01766,0.01719,0.01739,49561508.0,TRIA/USDT:USDT
2026-02-09 11:15:00,0.01739,0.0176,0.01718,0.01725,24766540.0,TRIA/USDT:USDT
2026-02-09 11:30:00,0.01725,0.01753,0.01717,0.01735,19898628.0,TRIA/USDT:USDT
2026-02-09 11:45:00,0.01736,0.01742,0.01701,0.01724,18632452.0,TRIA/USDT:USDT
2026-02-09 12:00:00,0.01723,0.01731,0.01698,0.01712,24377262.0,TRIA/USDT:USDT
2026-02-09 12:15:00,0.01712,0.01758,0.01709,0.01755,35413417.0,TRIA/USDT:USDT
2026-02-09 12:30:00,0.01754,0.01759,0.01696,0.01711,52459764.0,TRIA/USDT:USDT
2026-02-09 12:45:00,0.01711,0.01729,0.01658,0.01675,41550855.0,TRIA/USDT:USDT
2026-02-09 13:00:00,0.01674,0.01748,0.01664,0.01741,38276724.0,TRIA/USDT:USDT
2026-02-09 13:15:00,0.01741,0.01755,0.01717,0.01721,32325340.0,TRIA/USDT:USDT
2026-02-09 13:30:00,0.01721,0.01775,0.01717,0.01754,52694309.0,TRIA/USDT:USDT
2026-02-09 13:45:00,0.01753,0.01802,0.01748,0.01791,45426602.0,TRIA/USDT:USDT
2026-02-09 14:00:00,0.0179,0.01958,0.01782,0.01843,260165027.0,TRIA/USDT:USDT
2026-02-09 14:15:00,0.01843,0.01855,0.01733,0.01773,160140594.0,TRIA/USDT:USDT
2026-02-09 14:30:00,0.01774,0.01832,0.0177,0.01815,51165171.0,TRIA/USDT:USDT
2026-02-09 14:45:00,0.01814,0.01835,0.01784,0.01825,45400713.0,TRIA/USDT:USDT
2026-02-09 15:00:00,0.01826,0.01897,0.01821,0.01868,81434081.0,TRIA/USDT:USDT
2026-02-09 15:15:00,0.01867,0.01873,0.01808,0.01841,65498299.0,TRIA/USDT:USDT
2026-02-09 15:30:00,0.01841,0.01874,0.01834,0.01846,39637606.0,TRIA/USDT:USDT
2026-02-09 15:45:00,0.01846,0.01855,0.01744,0.0179,92488409.0,TRIA/USDT:USDT
2026-02-09 16:00:00,0.0179,0.01792,0.01744,0.01762,45117467.0,TRIA/USDT:USDT
2026-02-09 16:15:00,0.01763,0.01778,0.0173,0.01775,42841071.0,TRIA/USDT:USDT
2026-02-09 16:30:00,0.01776,0.01836,0.01775,0.01825,40343901.0,TRIA/USDT:USDT
2026-02-09 16:45:00,0.01825,0.01843,0.0175,0.01771,59458742.0,TRIA/USDT:USDT
2026-02-09 17:00:00,0.01771,0.01799,0.01761,0.01778,36363625.0,TRIA/USDT:USDT
2026-02-09 17:15:00,0.01777,0.01795,0.01735,0.01787,63087269.0,TRIA/USDT:USDT
2026-02-09 17:30:00,0.01786,0.01791,0.01756,0.0177,29790158.0,TRIA/USDT:USDT
2026-02-09 17:45:00,0.0177,0.01775,0.01751,0.0176,24137417.0,TRIA/USDT:USDT
2026-02-09 18:00:00,0.01761,0.01784,0.01727,0.0174,27734637.0,TRIA/USDT:USDT
2026-02-09 18:15:00,0.0174,0.01756,0.01711,0.01733,21083464.0,TRIA/USDT:USDT
2026-02-09 18:30:00,0.01733,0.01745,0.01721,0.01735,14511194.0,TRIA/USDT:USDT
2026-02-09 18:45:00,0.01734,0.01753,0.01732,0.01749,6275574.0,TRIA/USDT:USDT
